review_id,business_name,stars,date,text,reviewer_reviews_count,is_local_guide,likes_count,source,review_context_raw
Ci9DQUlRQUNvZENodHljRjlvT2xvd2FHRnBYemxUUm5oSVFtSnBYMDlCY0daNlptYxAB,IDA Restaurant Bar,4,2026-04-26T15:49:15.595Z,Buena atención y la comida muy rica.,12,True,0,google_maps,"{""Tipo de comida"": ""Almuerzo"", ""Precio por persona"": ""$20,000-30,000"", ""Nivel de ruido"": ""Silencioso, agradable para conversar"", ""Tipo de asiento"": ""Comedor privado""}"
Ci9DQUlRQUNvZENodHljRjlvT2xONFNsSTVXVU5tWVdoRGJYZHhWMVJKV0RsWU5VRRAB,IDA Restaurant Bar,5,2026-04-24T04:26:16.468Z,,30,True,0,google_maps,"{""Nivel de ruido"": ""Silencioso, agradable para conversar"", ""Tamaño del grupo"": ""Apto para grupos de todos los tamaños""}"
Ci9DQUlRQUNvZENodHljRjlvT2xsRE1Fc3pURVZYYUc1RFUySTFlRVV6ZVVRMlRFRRAB,IDA Restaurant Bar,5,2026-04-23T18:38:53.376Z,,8,True,0,google_maps,{}
Ci9DQUlRQUNvZENodHljRjlvT2xOMFpFbERjekZLWWxCSk5YcHNiV2RDVERSNmNFRRAB,IDA Restaurant Bar,4,2026-04-22T14:47:57.863Z,"De los restaurante de Córdoba, este es para mi el de mayor puntaje. Atención en todos los momentos. Desdé recepción y atención en la mesa excelente 👌.
Valoro mucho el cuidado que tuvieron con mi pareja que es celíaca. Ya que no es fácil encontrar lugares. Pero en esta ocasión tuvieron todos los cuidado necesarios.
Elegí para cenar una costilla para compartir. La verdad que exquisita al punto justo.
El diseño del lugar hermoso. Con luz baja.
Totalmente recomendable.",130,True,0,google_maps,{}
Ci9DQUlRQUNvZENodHljRjlvT21oeFYyd3hXbXBYWVc1MWIyOXBOVlJmUjBFeVIzYxAB,IDA Restaurant Bar,5,2026-04-19T03:02:57.789Z,El tiradito de salmón 👏👏👏 soberbio!!!,14,False,0,google_maps,"{""Tipo de pedido"": ""Consumo en el lugar"", ""Tipo de comida"": ""Cena"", ""Precio por persona"": ""$40,000-50,000"", ""Nivel de ruido"": ""Ruido moderado"", ""Espacios para estacionar"": ""Hay suficiente espacio"", ""Opciones de estacionamiento"": ""Estacionamiento gratuito en la calle""}"
Ci9DQUlRQUNvZENodHljRjlvT2tKTmNraDNUSFZGZDBkSVNsTktOM0pQTjFCdllYYxAB,IDA Restaurant Bar,5,2026-04-19T02:56:34.495Z,"Increíble IDA! Desde la ambientación, la atención excepcional y la comida espectacular. Les súper recomiendo probar el tiradito de salmón, de lo más rico que he probado. Sin dudas volveré pronto!",5,False,0,google_maps,"{""Tipo de pedido"": ""Consumo en el lugar"", ""Tipo de comida"": ""Cena"", ""Precio por persona"": ""$40,000-50,000"", ""Nivel de ruido"": ""No lo sé""}"
Ci9DQUlRQUNvZENodHljRjlvT25OT09HZHpOSEJWVEZvelJFYzJZWEZMZVdaWk9XYxAB,IDA Restaurant Bar,5,2026-04-19T02:41:47.652Z,"Hermoso lugar, muy rica la comida y un ambiente con buena música 🎶",6,False,0,google_maps,"{""Tipo de pedido"": ""Consumo en el lugar"", ""Tipo de comida"": ""Cena"", ""Precio por persona"": ""$50,000-60,000"", ""Nivel de ruido"": ""Silencioso, agradable para conversar"", ""Platos vegetarianos"": ""Tienen"", ""Espacios para estacionar"": ""Hay suficiente espacio"", ""Opciones de estacionamiento"": ""Estacionamiento gratuito en la calle""}"
Ci9DQUlRQUNvZENodHljRjlvT214VWIzcGxORVpJUlRoMWFsRlBXV3BMZW1Sc1lrRRAB,IDA Restaurant Bar,5,2026-04-19T02:38:14.299Z,Excelente experiencia! Tanto la comida como de la atención a nosotros! Volvería más de una vez,19,True,0,google_maps,"{""Tipo de pedido"": ""Consumo en el lugar"", ""Tipo de comida"": ""Cena"", ""Precio por persona"": ""$60,000-70,000"", ""Nivel de ruido"": ""Silencioso, agradable para conversar""}"
Ci9DQUlRQUNvZENodHljRjlvT21KZmJHaHFaRXhTZDAxTGJFeGZjRTlZWWtoYVZuYxAB,IDA Restaurant Bar,5,2026-04-16T03:01:06.444Z,"La comida es realmente deliciosa, el  ambiente es tranquilo y muy lindo, te reciben con vino y empanadas de cortesía y cuando pedis la cuenta también trufas de cortesía, muy buena antencion y precios muy acordes para lo q ofrecen",12,False,0,google_maps,"{""Tipo de comida"": ""Cena""}"
Ci9DQUlRQUNvZENodHljRjlvT25ack1UbGFaR2RTVW05S2FVbzJkbUkxY0haSFoxRRAB,IDA Restaurant Bar,4,2026-04-14T10:14:13.117Z,,29,True,0,google_maps,"{""Tipo de comida"": ""Desayuno"", ""Precio por persona"": ""$1-10,000"", ""Nivel de ruido"": ""Ruido moderado"", ""Tipo de asiento"": ""Comedor cubierto, Área de bar, Patio o terraza al aire libre"", ""Espacios para estacionar"": ""No lo sé""}"
Ci9DQUlRQUNvZENodHljRjlvT25aYVNHdDNSWGRKUVZOQ1YwdHdjMVZGVjJ0VlYyYxAB,IDA Restaurant Bar,5,2026-04-14T01:40:11.653Z,Excelente servicio y atención de parte de elbio y bruno,1,False,0,google_maps,"{""Tipo de comida"": ""Cena"", ""Nivel de ruido"": ""Silencioso, agradable para conversar""}"
Ci9DQUlRQUNvZENodHljRjlvT2xJM2NFWkNjMUUzTkhJeFowRXdhekpNTlRVemJGRRAB,IDA Restaurant Bar,5,2026-04-12T20:48:57.644Z,Siempre compartir una experiencia con elegancia y confort… Vale la pena! Gracias 🫶🏽,5,False,0,google_maps,{}
Ci9DQUlRQUNvZENodHljRjlvT25oclZ6aE9URFk0ZFVGWVgwaGFNamxVTWkxT1JuYxAB,IDA Restaurant Bar,5,2026-04-12T05:22:53.453Z,"Un lugar que fuera de la comida y los tragos que podes encontrar, vivís una experiencia hermosa y acojedora por el servicio y la atención.",1,False,0,google_maps,"{""Tipo de comida"": ""Cena"", ""Precio por persona"": ""Más de $100,000""}"
Ci9DQUlRQUNvZENodHljRjlvT2s1Nk5uaDZObTh0Y1ZkNU9EVm5SMTgwUlZVNVZtYxAB,IDA Restaurant Bar,5,2026-04-11T02:56:36.701Z,,18,True,0,google_maps,"{""Tipo de comida"": ""Brunch"", ""Nivel de ruido"": ""Silencioso, agradable para conversar""}"
Ci9DQUlRQUNvZENodHljRjlvT2xKR1FpMVFZVWhuUm1nMlVHUm1hMFppUWpORVNVRRAB,IDA Restaurant Bar,5,2026-04-11T02:34:05.034Z,Muy rica la comida y los mozos siempre muy atentos 🙌,5,False,0,google_maps,"{""Tipo de comida"": ""Cena"", ""Precio por persona"": ""$30,000-40,000"", ""Nivel de ruido"": ""Ruidoso, pero se puede hablar"", ""Eventos especiales"": ""Ningún evento especial""}"
Ci9DQUlRQUNvZENodHljRjlvT2xkU2R6RTRlVmhRYld4dU1rbG5OM2xZYjNCcExXYxAB,IDA Restaurant Bar,5,2026-04-11T02:31:56.035Z,"Comida, atención y ambiente excelentes. Es para volver y volver y volver…",3,False,0,google_maps,"{""Tipo de comida"": ""Cena"", ""Precio por persona"": ""$70,000-80,000"", ""Eventos especiales"": ""Música en vivo""}"
Ci9DQUlRQUNvZENodHljRjlvT25WMGFGcGhNMlJXZUZWQlJuZzFibXhpYVRaU2NHYxAB,IDA Restaurant Bar,5,2026-04-11T02:19:09.420Z,"Un ambiente ideal para venir en pareja, exelente música, comida exquisita, muy buena atención ..Muy recomendable",5,False,0,google_maps,"{""Tipo de comida"": ""Cena"", ""Precio por persona"": ""$40,000-50,000"", ""Nivel de ruido"": ""Ruido moderado"", ""Eventos especiales"": ""Otros""}"
Ci9DQUlRQUNvZENodHljRjlvT25CQ1kxRldVa3BoV2xSbFQxRmtOR1F5VDJFeU1GRRAB,IDA Restaurant Bar,5,2026-04-05T05:29:42.976Z,Muy buena gastronomía . Hermoso  lugar.  Muy atentos ! 👏🏻👏🏻,7,False,0,google_maps,{}
Ci9DQUlRQUNvZENodHljRjlvT21sNmVVYzRibDh6ZGxGRFUyZExPWFY1TVVadmJXYxAB,IDA Restaurant Bar,5,2026-03-31T02:42:19.298Z,,0,False,0,google_maps,{}
Ci9DQUlRQUNvZENodHljRjlvT2paSE9UWmxPVzUwVm1OZlprOXBiRW96VmpaZk4zYxAB,IDA Restaurant Bar,5,2026-03-31T02:17:54.323Z,"Comimos muy muy rico, la atención fue un 10 ♥️",3,False,0,google_maps,"{""Tipo de comida"": ""Cena"", ""Precio por persona"": ""$70,000-80,000"", ""Nivel de ruido"": ""Silencioso, agradable para conversar"", ""Tamaño del grupo"": ""Apto para grupos de todos los tamaños""}"
Ci9DQUlRQUNvZENodHljRjlvT2pacmFFWmlNMDVMYzIxb1gybHBNMjFTUjBNeVdXYxAB,IDA Restaurant Bar,5,2026-03-28T03:15:34.703Z,Excelente Atención y ambiente. La comida riquísima. Y el mozo Elvio súper atento!!!  Súper recomendable.,11,False,0,google_maps,"{""Tipo de comida"": ""Cena"", ""Precio por persona"": ""$70,000-80,000"", ""Nivel de ruido"": ""Muy silencioso"", ""Tamaño del grupo"": ""2 personas"", ""Platos vegetarianos"": ""Carta variada"", ""Restricciones de dieta"": ""Ninguna"", ""Espacios para estacionar"": ""Hay suficiente espacio"", ""Opciones de estacionamiento"": ""Estacionamiento gratuito"", ""Estacionamiento"": ""Excelente ubicación"", ""Adecuado para niños"": ""Si"", ""Accesibilidad en silla de ruedas"": ""Si""}"
Ci9DQUlRQUNvZENodHljRjlvT2s1aWNUTm1hM0JUUTNBMlExaEhNME5xU1Y5TVluYxAB,IDA Restaurant Bar,5,2026-03-28T02:58:46.848Z,Excelente atencion,5,False,0,google_maps,"{""Tipo de comida"": ""Cena"", ""Precio por persona"": ""Más de $100,000"", ""Nivel de ruido"": ""Ruido moderado"", ""Tamaño del grupo"": ""2 personas""}"
Ci9DQUlRQUNvZENodHljRjlvT2xoRVRpMUZiMUJxVUZoUk1raGpjVGxhVmkxTWNGRRAB,IDA Restaurant Bar,5,2026-03-27T23:10:24.948Z,,1,False,0,google_maps,"{""Tipo de pedido"": ""Consumo en el lugar"", ""Tipo de comida"": ""Brunch"", ""Precio por persona"": ""$10,000-20,000"", ""Nivel de ruido"": ""Silencioso, agradable para conversar""}"
Ci9DQUlRQUNvZENodHljRjlvT2xjM01uZ3hjazFTYWxZMVJXaFdNVnB0VUhkTlUxRRAB,IDA Restaurant Bar,5,2026-03-27T02:16:55.036Z,,1,False,0,google_maps,"{""Precio por persona"": ""Más de $100,000"", ""Nivel de ruido"": ""Ruidoso, pero se puede hablar"", ""Eventos especiales"": ""Ningún evento especial""}"
Ci9DQUlRQUNvZENodHljRjlvT2tkeE9GOVhTRVJ1ZDNFNFEwVjRVRWhDZGw5cVRXYxAB,IDA Restaurant Bar,5,2026-03-27T02:13:26.973Z,Excelente atención !!!…muy recomendable,3,False,0,google_maps,{}
Ci9DQUlRQUNvZENodHljRjlvT2tRMWJsaHNXSGxQUldOWk1qQnRSa1JwVnpJdGFrRRAB,IDA Restaurant Bar,5,2026-03-27T02:09:59.514Z,"Excelente todo, soy cliente desde hace muchos años me encanta,   La atención bruno y de elvio es excelente!!!",8,False,0,google_maps,{}
Ci9DQUlRQUNvZENodHljRjlvT2tac1ptNDRXREpSVTI1eVFWZHVNUzB5UTNsbVNrRRAB,IDA Restaurant Bar,5,2026-03-27T02:09:44.273Z,Bruno y Elvio nos atendieron muy bien es un gusto venir,2,False,0,google_maps,{}
Ci9DQUlRQUNvZENodHljRjlvT21kalpXcHZSRGRrTTNaS0xXTktWa1ZsUkZGdFlYYxAB,IDA Restaurant Bar,5,2026-03-27T01:56:40.330Z,Riquísimo el salmón con el boniato! Una bomba. La atención perfecta!,13,False,0,google_maps,"{""Tipo de comida"": ""Cena"", ""Precio por persona"": ""$50,000-60,000"", ""Nivel de ruido"": ""Ruido moderado"", ""Eventos especiales"": ""Ningún evento especial""}"
Ci9DQUlRQUNvZENodHljRjlvT2xObmRIVnZPWFpyWTJJMlZtOHhYMmhqT1hkbFQwRRAB,IDA Restaurant Bar,5,2026-03-25T15:58:43.247Z,,51,True,0,google_maps,"{""Tipo de comida"": ""Brunch""}"
Ci9DQUlRQUNvZENodHljRjlvT25WbVJubDNWbkJWWVZGb1kzQktNbEJsU1ZOUExXYxAB,IDA Restaurant Bar,2,2026-03-24T16:54:42.007Z,"No fuimos bien atendidos, nos tomaron la mitad del pedido, al no haber opciones de platos principales vegetarianos, la moza consultó y no ofrecieron opciones. Luego sentido de seguir tomando el pedido.

No hay platos principales Vegetarianos ni Veganos.

Carta reducida en comparación a épocas anteriores.

Las guarniciones estaban frías.",3,False,0,google_maps,{}
Ci9DQUlRQUNvZENodHljRjlvT2xKemFVOVJiVkJwZWpodFJqbGZaa3BqWm1SS1ZGRRAB,IDA Restaurant Bar,5,2026-03-21T13:50:53.074Z,"Excelente lugar! La comida exquisita, la atención impecable, el ambiente y la música resultaron el marco perfecto para una noche increíble !!!",2,False,0,google_maps,{}
Ci9DQUlRQUNvZENodHljRjlvT2pnMWFHUlBRUzB0VWxONllXMDBWR3RWVFd4M2FVRRAB,IDA Restaurant Bar,5,2026-03-21T13:48:35.071Z,,2,False,0,google_maps,"{""Precio por persona"": ""$80,000-90,000""}"
Ci9DQUlRQUNvZENodHljRjlvT200MlgwUTBiMHRQT1VkUmFIQjFORWd6ZERRMVlVRRAB,IDA Restaurant Bar,5,2026-03-19T21:52:34.517Z,,8,True,0,google_maps,{}
Ci9DQUlRQUNvZENodHljRjlvT2xsbGNUaEpVVGhCZFVkSGNqQkJjVFU1YldoeWRrRRAB,IDA Restaurant Bar,5,2026-03-17T19:22:01.130Z,,3,True,0,google_maps,"{""Tipo de comida"": ""Cena"", ""Precio por persona"": ""$50,000-60,000""}"
Ci9DQUlRQUNvZENodHljRjlvT25OUldYWnVhM0l5TVVGb1R6SnBWVFpSVkRoMGJIYxAB,IDA Restaurant Bar,5,2026-03-14T03:39:02.211Z,Excelente comida y atención!!!…. Súper recomendable el postre de volcán de chocolate. Comimos unos canelones de osobuco que son una delicia!.,13,True,0,google_maps,{}
Ci9DQUlRQUNvZENodHljRjlvT2pSclFYRjRVbXBhWjFab1FrdzFiVlExUzFaNVFrRRAB,IDA Restaurant Bar,5,2026-03-14T02:22:46.774Z,Hacia mucho que no venía y lo que me estaba perdiendo !!!! Un diez la comida ceviche y causa limeña con pisco Pavlova y café excelente !!! Todo !!,29,True,0,google_maps,"{""Tipo de comida"": ""Cena"", ""Precio por persona"": ""$30,000-40,000"", ""Nivel de ruido"": ""Ruido moderado"", ""Eventos especiales"": ""Música en vivo""}"
Ci9DQUlRQUNvZENodHljRjlvT25KYWRIVktWamQ0WlVOMVNYRmxOWFpsZWxaUVpHYxAB,IDA Restaurant Bar,5,2026-03-12T22:30:21.959Z,"Una experiencia increíble de principio a fin. Sin dudas uno de los mejores restaurantes de Córdoba. Todo está cuidado al máximo detalle: la calidad de los productos, la presentación de los platos, la atención del personal y el ambiente. Se nota que hay un nivel gastronómico muy alto y una verdadera pasión por lo que hacen.

Cada plato fue impecable, con sabores perfectamente equilibrados y una presentación digna de alta cocina. La parrilla es espectacular y la selección de vinos acompaña perfectamente la propuesta. Además, el servicio es cálido, atento y profesional, algo que realmente marca la diferencia.

Un lugar que eleva la experiencia gastronómica en Córdoba. Ideal para una ocasión especial o simplemente para disfrutar de una comida memorable. Sin dudas, un restaurante de primer nivel al que siempre dan ganas de volver.",9,False,0,google_maps,"{""Tipo de pedido"": ""Consumo en el lugar"", ""Tipo de comida"": ""Otro"", ""Precio por persona"": ""$30,000-40,000""}"
Ci9DQUlRQUNvZENodHljRjlvT2tselkxQXplR2QzY2tSaGJURmZjVjlyTlY5U1ltYxAB,IDA Restaurant Bar,5,2026-03-12T01:22:13.376Z,,1,False,0,google_maps,"{""Tipo de pedido"": ""Consumo en el lugar"", ""Tipo de comida"": ""Cena"", ""Precio por persona"": ""$80,000-90,000"", ""Nivel de ruido"": ""Silencioso, agradable para conversar""}"
Ci9DQUlRQUNvZENodHljRjlvT2twUlZscGpiWHA0UkVNNGRsQnlhblptUW1nd1RtYxAB,IDA Restaurant Bar,2,2026-03-08T16:50:03.420Z,"Fuimos anoche y realmente muy decepcionado
Desde la mesa,  a la moza con la mini copa de bienvenida era tan Poco que era mejor que no sirvieran nada
La comida 4 puntos , la entraña incomible la reemplazo por otra comida , tardó tanto que no la comimos
Nos regalaron 3",67,True,0,google_maps,{}
Ci9DQUlRQUNvZENodHljRjlvT2xSUlVYbHZUbWxuTUVZdGJWQktWMVoxWWkxMGNWRRAB,IDA Restaurant Bar,5,2026-03-07T13:09:58.905Z,,30,True,0,google_maps,"{""Tipo de comida"": ""Cena"", ""Precio por persona"": ""$30,000-40,000""}"
Ci9DQUlRQUNvZENodHljRjlvT2pJMGN6QnVTMjF3ZDI1V1YxQTJjbHB1Wm5kQmJGRRAB,IDA Restaurant Bar,5,2026-03-07T12:17:05.334Z,Excelente,4,False,0,google_maps,"{""Tipo de comida"": ""Cena"", ""Precio por persona"": ""$40,000-50,000"", ""Tamaño del grupo"": ""2 personas"", ""Tipo de asiento"": ""Comedor cubierto""}"
Ci9DQUlRQUNvZENodHljRjlvT2pCMFdHbEVZazVJVFhGTE1sODRPR3RhTjJ4ZldrRRAB,IDA Restaurant Bar,5,2026-03-05T03:19:40.879Z,"Excelente la atención, clima y comida",3,False,0,google_maps,"{""Tipo de comida"": ""Cena"", ""Precio por persona"": ""Más de $100,000"", ""Nivel de ruido"": ""Ruido moderado"", ""Tiempo de espera"": ""Sin espera""}"
Ci9DQUlRQUNvZENodHljRjlvT2tkSWVETnBaRmhXUTI4elRUSXlXbU5QWDFKUlQyYxAB,IDA Restaurant Bar,5,2026-03-05T02:48:41.703Z,,0,False,0,google_maps,"{""Tipo de comida"": ""Cena""}"
Ci9DQUlRQUNvZENodHljRjlvT2pSS2RXeFZkMlZqYkU5dFgxWmFaRVppV25SRlVtYxAB,IDA Restaurant Bar,5,2026-03-05T00:24:57.141Z,Excelente. Muy muy recomendable. Una experiencia muy agradable y una comida exquisita.,381,True,0,google_maps,"{""Tipo de comida"": ""Cena"", ""Precio por persona"": ""$60,000-70,000"", ""Nivel de ruido"": ""Ruidoso, pero se puede hablar"", ""Tiempo de espera"": ""Sin espera""}"
Ci9DQUlRQUNvZENodHljRjlvT2t4UVVIcHZOamhoWm1VeGF5MVRkR0ptTVVScFNuYxAB,IDA Restaurant Bar,5,2026-03-05T00:24:55.884Z,,1,True,0,google_maps,"{""Tipo de comida"": ""Cena"", ""Precio por persona"": ""$60,000-70,000"", ""Nivel de ruido"": ""Ruido moderado"", ""Tiempo de espera"": ""Sin espera""}"
Ci9DQUlRQUNvZENodHljRjlvT25kdFFUbFdXSFJCVUVvdFoyTlhVRFpCVkc5WVVHYxAB,IDA Restaurant Bar,5,2026-02-26T00:23:16.413Z,,29,True,0,google_maps,{}
Ci9DQUlRQUNvZENodHljRjlvT2pkdVRFbGxia1ZEYVROV01XcHJWR0ZRVjNkcU5XYxAB,IDA Restaurant Bar,4,2026-02-25T02:47:17.229Z,,31,True,0,google_maps,"{""Tipo de comida"": ""Almuerzo""}"
Ci9DQUlRQUNvZENodHljRjlvT2xSTlFrTm5OMVpNVVRGR1YweE9ielY2YkhoMlMyYxAB,IDA Restaurant Bar,5,2026-02-22T03:36:58.298Z,10/10 ❤️,5,False,0,google_maps,"{""Tipo de comida"": ""Cena"", ""Precio por persona"": ""Más de $100,000"", ""Nivel de ruido"": ""Ruido moderado"", ""Tiempo de espera"": ""Sin espera""}"
Ci9DQUlRQUNvZENodHljRjlvT2s0d00xOWtkVVE1YzA1aWRYTkhUUzE0UTNOT1IzYxAB,IDA Restaurant Bar,5,2026-02-21T22:39:11.551Z,"Primera visita y muy grata!

La comida riquísima, hay una entrada súper rica. Hasta el pan es casero.
La atención un 10, todos muy atentos.
Lo único que propondría como mejora, es un poco más de  iluminación ya que solo hay velas en las mesas, al ir y volver del baño hay que ajustar la vista.

Súper recomendable 🙌🏼",31,True,0,google_maps,"{""Tipo de comida"": ""Cena""}"
Ci9DQUlRQUNvZENodHljRjlvT2s5Rk5uVTVSazVOUWxsRU0wd3RSMlZhTjFVME5IYxAB,IDA Restaurant Bar,5,2026-02-20T19:27:58.522Z,Muy buena la atención de Érica!! Riquísima la comida,6,False,0,google_maps,{}
ChdDSUhNMG9nS0VJQ0FnSUNQcnFLZ2x3RRAB,IDA Restaurant Bar,5,2026-02-19T01:39:28.271Z,"Ideal para degustar platos con gran técnica en un ambiente de diseño moderno y última tendencia. Los materiales del lugar son increíbles, pero lo mejor es, sin dudas, el flan, en el punto justo, muy cremoso. Una experiencia gastronómica de primera",245,True,0,google_maps,{}
Ci9DQUlRQUNvZENodHljRjlvT2pKNFl5MTZSVnBQTmw5RmRqWm9OREJPWnpSS2VXYxAB,IDA Restaurant Bar,1,2026-02-16T23:11:48.018Z,La comida más o menos y lo peor el servicio dejó muchísimo que desear. Tuvieron un accidente con un plato de bondiola y nos empaparon con el jugo de la cocción. Nadie se acercó a pedir disculpas ni a ofrecer una solución. Pagamos el total de la cuenta casi 100mil pesos  y nos fuimos muy decepcionados por el trato frío y la falta de cortesía ante un error de ellos. No volveremos.,31,True,0,google_maps,"{""Precio por persona"": ""$90,000-100,000""}"
Ci9DQUlRQUNvZENodHljRjlvT25sSWRYbFhWbGN6Y0ZoMFUwaG5iMWswYkUxeWJWRRAB,IDA Restaurant Bar,5,2026-02-16T22:02:19.145Z,,1,False,0,google_maps,"{""Tipo de pedido"": ""Consumo en el lugar"", ""Tipo de comida"": ""Desayuno"", ""Precio por persona"": ""$1-10,000"", ""Tamaño del grupo"": ""Apto para grupos de todos los tamaños""}"
Ci9DQUlRQUNvZENodHljRjlvT201M1NGWkpjUzAzVW1kWlRIWllRMmRFUldNMFFVRRAB,IDA Restaurant Bar,5,2026-02-16T02:14:28.763Z,,11,True,0,google_maps,"{""Tipo de pedido"": ""Consumo en el lugar"", ""Tipo de comida"": ""Cena"", ""Precio por persona"": ""$50,000-60,000"", ""Tamaño del grupo"": ""3 o 4 personas""}"
Ci9DQUlRQUNvZENodHljRjlvT205bWJIaHJjbE5WUmxJME5YZEplVWh5UmpCWmFFRRAB,IDA Restaurant Bar,5,2026-02-15T11:40:46.901Z,,0,False,0,google_maps,{}
Ci9DQUlRQUNvZENodHljRjlvT2kweVQwVXpXbnB6ZUdJd1pHeDVTRVF3UlVJd1RYYxAB,IDA Restaurant Bar,1,2026-02-15T02:19:28.024Z,"Fuimos un viernes por la noche con mi mamá, planeando una linda ""salida de chicas"", pero lamentablemente terminamos en lo que parecía una película de mal gusto o una parodia de restaurante. Fue una decepción tras otra, escalando hasta lo insalubre, pasé toda la noche con náuseas y vómitos debido a q me sirvieron su guarnición de boniato literalmente podrido, con gusto a tierra que provocaba náuseas al masticar; era imposible de comer.
El servicio deficiente; el mozo desconocía los platos de la carta, se olvidaban de los pedidos y trajeron aceto balsámico cuando pedimos aceite de oliva para condimentar un puré de cabutia; ni hablar de la demora!!!!!!, servían platos más elaborados a mesas que llegaron mucho después que nosotras.
Bueno, la comida incomible: El lomo llegó frío y al pedir que la calentaran, la trajeron quemada y dura. Las “famosas” empanadas de carbón activado llegaron con una brasa prendida, algo totalmente peligroso, cero sabrosas, pequeñas y casi sin relleno.
Sumamos la información engañosa: La carta ""skinny"" es una mentira; no aclaran que no está disponible los viernes, sábados y domingos; El flan fue una decepción: seco, sin dulce de leche ni crema, nada que ver con lo ofrecido en la carta,
Los tragos venían por la mitad de la copa, una falta de respeto por el precio que cobran.
Es inaceptable que un restaurante funcione con tal nivel de desorganización y, sobre todo, con falta de higiene en sus productos. Una decepción total. No lo recomiendo para nada.No gasten su dinero ni arriesguen su salud acá.",4,False,0,google_maps,"{""Tipo de comida"": ""Cena"", ""Precio por persona"": ""$60,000-70,000""}"
Ci9DQUlRQUNvZENodHljRjlvT2s5UWIybFpNRFpIUTJNdExUTnVjR050WVRWQmVIYxAB,IDA Restaurant Bar,2,2026-02-14T12:10:18.608Z,"Muy mala experiencia, gastarse 100.000 en una salida para no ser bien atendido es un desprecio a tu plata",5,False,0,google_maps,"{""Tipo de comida"": ""Cena"", ""Precio por persona"": ""$50,000-60,000"", ""Nivel de ruido"": ""Ruido moderado"", ""Tiempo de espera"": ""Sin espera""}"
Ci9DQUlRQUNvZENodHljRjlvT21kTlNEZElSMlprUW05UWNEQnBhbWh6TXpGUVRYYxAB,IDA Restaurant Bar,5,2026-02-08T14:08:33.814Z,,4,False,0,google_maps,{}
Ci9DQUlRQUNvZENodHljRjlvT2pWSk5rMDRORXh1YURaNWRsSkJlbk5pZG5aM1ZIYxAB,IDA Restaurant Bar,5,2026-02-04T12:33:53.559Z,,5,False,0,google_maps,{}
Ci9DQUlRQUNvZENodHljRjlvT2xkWk5tRk1XR3h0VnkxQ2NFcGxVblJ0V213eWRuYxAB,IDA Restaurant Bar,5,2026-01-27T21:33:19.492Z,,13,False,0,google_maps,"{""Tipo de comida"": ""Desayuno""}"
Ci9DQUlRQUNvZENodHljRjlvT25kdVdWaENhVGxVWDFsTExUUkVVR0pwZURaWGRWRRAB,IDA Restaurant Bar,5,2026-01-25T06:31:24.041Z,,0,False,0,google_maps,{}
Ci9DQUlRQUNvZENodHljRjlvT25SSlFuQm9XR1pLVldaRmJUSmhNMFV5TVVORVZrRRAB,IDA Restaurant Bar,4,2026-01-18T19:18:01.006Z,,18,True,0,google_maps,"{""Tipo de comida"": ""Cena"", ""Precio por persona"": ""$40,000-50,000""}"
Ci9DQUlRQUNvZENodHljRjlvT2tZM01FSm5WRGRDU0dkdWEyTllTVE5qYlVsdFJFRRAB,IDA Restaurant Bar,5,2026-01-17T03:59:33.806Z,,21,True,0,google_maps,"{""Tipo de pedido"": ""Consumo en el lugar"", ""Precio por persona"": ""Más de $100,000""}"
Ci9DQUlRQUNvZENodHljRjlvT2tvMGJYZExUR3g2U1Mxd1RYZEhNMVZxVEZOalpYYxAB,IDA Restaurant Bar,1,2026-01-16T02:12:25.902Z,,2,False,0,google_maps,{}
Ci9DQUlRQUNvZENodHljRjlvT2pKSVlrSnZhRVZzZWw4MFozcG1WemM1VFVsWlprRRAB,IDA Restaurant Bar,4,2026-01-15T14:39:25.335Z,,5,False,0,google_maps,{}
Ci9DQUlRQUNvZENodHljRjlvT2pKTloxSjNkaTF6T0VOSmFreFFjVGx5T1VJMloyYxAB,IDA Restaurant Bar,5,2026-01-13T18:02:34.642Z,,6,True,0,google_maps,{}
Ci9DQUlRQUNvZENodHljRjlvT2tWSFkwVnlRbWRCZEhCcGNuaG1hbmR3U1RKamNWRRAB,IDA Restaurant Bar,2,2026-01-13T17:59:50.181Z,,6,False,0,google_maps,{}
Ci9DQUlRQUNvZENodHljRjlvT2xScFFqaHlNbWgxZVdWT1MwSnpjV1pIWm10akxYYxAB,IDA Restaurant Bar,5,2026-01-12T23:43:17.673Z,Muy buen resto,25,True,0,google_maps,{}
Ci9DQUlRQUNvZENodHljRjlvT25GbVVTMXpVMUpDYjE4M1lXbEhUMmd0UTBrNWFYYxAB,IDA Restaurant Bar,5,2026-01-06T10:31:10.480Z,,0,False,0,google_maps,{}
Ci9DQUlRQUNvZENodHljRjlvT2w5emFXMTJkeTAxUW5jNFJuZHJRMjFhZEdjMlIyYxAB,IDA Restaurant Bar,5,2026-01-05T21:59:48.257Z,,4,True,0,google_maps,{}
Ci9DQUlRQUNvZENodHljRjlvT25NdExWcEpSeko0UlRsMmFYSkpNSEY0TUVrelMyYxAB,IDA Restaurant Bar,5,2026-01-05T02:26:55.726Z,"Todo bien, pero todo todo, la atención, los productos, el ambiente, un lugar para volver",150,True,0,google_maps,{}
Ci9DQUlRQUNvZENodHljRjlvT25aaU5IZFVhV2xpVVZneFJIbEJTR1J5ZDFKUGFsRRAB,IDA Restaurant Bar,5,2026-01-03T01:22:19.129Z,,16,True,0,google_maps,{}
Ci9DQUlRQUNvZENodHljRjlvT2tvMVFVcFVkekpPT1U1SVltYzRaVVJSVFVob1FXYxAB,IDA Restaurant Bar,1,2025-12-28T02:32:08.219Z,,10,False,0,google_maps,{}
Ci9DQUlRQUNvZENodHljRjlvT210NGRGcFVlbmc0WnkweGJVZFdibXh5WVV3NVJIYxAB,IDA Restaurant Bar,1,2025-12-27T01:14:40.957Z,"La verdad es que vivo fuera del país, y cada año que vengo, me encanta volver a los lugares donde he tendido muy linda experiencia. la verdad este año mi visita en Ida me ha dejado con un sabor amargo, el servício ha sido malísimo, muy mala actitud, sin ganas de atenderte. La comida buena aunque nos sirvieron todos los platos juntos… en 40’ nos habían servido todo.

Me quedé realmente sorprendida y desepcionada.",15,True,0,google_maps,"{""Precio por persona"": ""$50,000-60,000"", ""Nivel de ruido"": ""Ruidoso, pero se puede hablar"", ""Tiempo de espera"": ""Sin espera""}"
Ci9DQUlRQUNvZENodHljRjlvT25CeU5HWkRTWGRJWkMxUFZWaE1TR0prY21Zd1dVRRAB,IDA Restaurant Bar,5,2025-12-25T18:23:15.835Z,Delicias siempre que visitamos éste lugar,33,True,0,google_maps,"{""Tipo de comida"": ""Desayuno"", ""Nivel de ruido"": ""Ruido moderado""}"
Ci9DQUlRQUNvZENodHljRjlvT2xWT2NHdE5SRlp3VVZSVmMzUmpSR3RZVEVwc2IzYxAB,IDA Restaurant Bar,5,2025-12-19T14:00:59.666Z,,21,True,0,google_maps,"{""Tipo de comida"": ""Cena"", ""Precio por persona"": ""Más de $100,000"", ""Nivel de ruido"": ""Silencioso, agradable para conversar"", ""Tiempo de espera"": ""De 10 a 30 min""}"
Ci9DQUlRQUNvZENodHljRjlvT25Fd1RYSkZUM3A2VTB0RU5ITnRla2xxTlhsU2RGRRAB,IDA Restaurant Bar,5,2025-12-17T19:03:37.901Z,,3,True,0,google_maps,"{""Tipo de comida"": ""Almuerzo"", ""Precio por persona"": ""$20,000-30,000"", ""Tamaño del grupo"": ""Apto para grupos de todos los tamaños"", ""Tiempo de espera"": ""Sin espera""}"
Ci9DQUlRQUNvZENodHljRjlvT25WS2MzSXRXa2czTVU5QmVHcGZhemR2U0VVM1RIYxAB,IDA Restaurant Bar,3,2025-12-14T23:31:53.071Z,"El lugar es hermoso, la comida muy buena, pero el servicio deja mucho que desear la atención. Pongo puntaje bajo en servicio a la relación a los precios.",169,True,0,google_maps,"{""Tipo de comida"": ""Cena"", ""Precio por persona"": ""Más de $100,000"", ""Nivel de ruido"": ""Silencioso, agradable para conversar"", ""Tiempo de espera"": ""Sin espera""}"
Ci9DQUlRQUNvZENodHljRjlvT2tGck9XMVpkR05wY1hkQ2VUWXpiRmd0Y1VaRlkxRRAB,IDA Restaurant Bar,4,2025-12-12T17:33:33.303Z,,8,True,0,google_maps,{}
Ci9DQUlRQUNvZENodHljRjlvT2pSV1ZFY3ROMDA1Ymt4SVFuQTJaSGRPUjJ4c1oyYxAB,IDA Restaurant Bar,4,2025-12-10T11:43:19.526Z,,77,True,0,google_maps,{}
Ci9DQUlRQUNvZENodHljRjlvT25VeVJEQnRhRzlhYkRod05WSlRlVEI1ZUVZdFRtYxAB,IDA Restaurant Bar,5,2025-12-10T04:03:32.484Z,"Excelente ambiente, musica, todo en gral.",11,False,0,google_maps,"{""Eventos especiales"": ""Otros""}"
Ci9DQUlRQUNvZENodHljRjlvT2pkMFowNXZjMUY2YmpodVVtTm9jRGxNVm1WQ1ZIYxAB,IDA Restaurant Bar,5,2025-12-07T04:31:30.665Z,,55,True,0,google_maps,{}
Ci9DQUlRQUNvZENodHljRjlvT210cE1rMU5ZMHBGUVRocGVHWk5jVEphVlZGRFNHYxAB,IDA Restaurant Bar,4,2025-12-05T20:44:47.125Z,"Lindo lugar , excelente comida , tendría que profecionalizar un poco más al personal. Buena voluntad pero poco entendimiento.",128,True,0,google_maps,{}
Ci9DQUlRQUNvZENodHljRjlvT25RdFVHTkRSV2RzYW10T1RuTlhSUzB0U25SdmNHYxAB,IDA Restaurant Bar,4,2025-12-01T12:46:41.952Z,,44,True,0,google_maps,"{""Tipo de pedido"": ""Consumo en el lugar"", ""Tipo de comida"": ""Almuerzo"", ""Precio por persona"": ""$50,000-60,000""}"
Ci9DQUlRQUNvZENodHljRjlvT2pRMWRWQmtOVFo2ZEhOelIyOUNSRUpRTnpOS1kyYxAB,IDA Restaurant Bar,5,2025-11-30T18:09:27.243Z,,5,False,0,google_maps,{}
Ci9DQUlRQUNvZENodHljRjlvT2w5M1NDMU9NMGxHYVRRMlgyNUxSV1pEY0ZOT1FYYxAB,IDA Restaurant Bar,1,2025-11-29T13:50:56.788Z,Mala atención,12,True,0,google_maps,{}
ChZDSUhNMG9nS0VJQ0FnSURHMWRxWFBnEAE,IDA Restaurant Bar,5,2025-11-28T11:16:58.714Z,"Exclente restaurante,  alta gastronomía,  moderno y muy buen servicio. Recomiendo las entradas para compartir y probar varias. Son todas excelentes.",1585,True,2,google_maps,"{""Tipo de pedido"": ""Consumo en el lugar"", ""Tipo de comida"": ""Cena"", ""Precio por persona"": ""$90,000-100,000"", ""Tiempo de espera"": ""Sin espera""}"
Ci9DQUlRQUNvZENodHljRjlvT2xsT2RraHdWbEl3WDJkc05rbEJkMVpNU2w5VU1YYxAB,IDA Restaurant Bar,3,2025-11-24T15:06:28.035Z,Los platos de entrada superan claramente a los principales. (Aún no he probado el pulpo),113,True,0,google_maps,"{""Tipo de comida"": ""Cena""}"
Ci9DQUlRQUNvZENodHljRjlvT2tzd1JuQnJaR3hxWlhRdFZYTTRVemxEY1VaSlVWRRAB,IDA Restaurant Bar,4,2025-11-20T22:58:45.524Z,,24,True,0,google_maps,{}
Ci9DQUlRQUNvZENodHljRjlvT2tsQ1VXZEtPRGh1TURWWmExUTFNREZNZDFCc2JFRRAB,IDA Restaurant Bar,5,2025-11-18T22:15:52.636Z,La decoración es sublime. La atención maravillosa! Lorenzo es el mejor.,65,True,0,google_maps,"{""Tipo de comida"": ""Brunch"", ""Precio por persona"": ""$10,000-20,000"", ""Nivel de ruido"": ""Silencioso, agradable para conversar"", ""Tiempo de espera"": ""Sin espera"", ""Restricciones de dieta"": ""Hay sin tacc""}"
Ci9DQUlRQUNvZENodHljRjlvT2paRFZsOUVWVEp6TW1OdE5IQnBVVEY2TW1oaFZYYxAB,IDA Restaurant Bar,5,2025-11-13T15:55:40.651Z,,37,True,0,google_maps,"{""Precio por persona"": ""Más de $100,000""}"
ChdDSUhNMG9nS0VJQ0FnSUNKNHFqSG53RRAB,IDA Restaurant Bar,5,2025-11-11T22:29:18.455Z,,505,True,0,google_maps,"{""Tipo de pedido"": ""Consumo en el lugar"", ""Tipo de comida"": ""Cena"", ""Eventos especiales"": ""Música en vivo"", ""Tiempo de espera"": ""Sin espera""}"
Ci9DQUlRQUNvZENodHljRjlvT2tsdGR6UnlTMjVCYzFNeVZUaG1Oek5OZG5Ka2FFRRAB,IDA Restaurant Bar,5,2025-11-09T02:29:27.762Z,,15,True,0,google_maps,{}
Ci9DQUlRQUNvZENodHljRjlvT2tGRmJEQXRVVmQyYVhKbmRXWnJTUzA0Y0ZSa2QyYxAB,IDA Restaurant Bar,5,2025-11-08T15:49:02.173Z,,7,False,0,google_maps,{}
Ci9DQUlRQUNvZENodHljRjlvT25WSWFUbE5SRjlmUTI5R2RWSXlRMWt4Y1UxUmVGRRAB,IDA Restaurant Bar,4,2025-11-07T20:38:47.644Z,Hermoso lugar. Muy rica la comida. Poco variedad de menu,52,True,0,google_maps,"{""Precio por persona"": ""$30,000-40,000"", ""Nivel de ruido"": ""Ruido moderado"", ""Tipo de asiento"": ""Comedor cubierto"", ""Platos vegetarianos"": ""No estaba especificado"", ""Restricciones de dieta"": ""No había"", ""Adecuado para niños"": ""No era adaptado a niños"", ""Accesibilidad en silla de ruedas"": ""No""}"
Ci9DQUlRQUNvZENodHljRjlvT201TFVsSTFXbWh2WjJ0b1JFeG5YekZqZVhsSFNWRRAB,IDA Restaurant Bar,3,2025-11-03T00:09:33.617Z,"Acotaron mucho la carta, y encima lo que pedíamos no tenían. Mucha demora en traernos las cosas. Casi nada de variedad en platos vegetarianos, cuando antes si. No te dan la jarra de agua de cortesía como se supone que debe ser. Cuando se la pedí al mozo me dijo: agua no regalamos, queres agua de la canilla? No volvería. No es lo que era antes",19,True,0,google_maps,"{""Tipo de pedido"": ""Consumo en el lugar"", ""Tipo de comida"": ""Cena"", ""Precio por persona"": ""$40,000-50,000""}"
Ci9DQUlRQUNvZENodHljRjlvT2xkb2IwRkdZMHgxTmpSRmQzTjJTRVZWUzBSQ1pWRRAB,IDA Restaurant Bar,5,2025-10-26T06:17:27.159Z,,307,True,0,google_maps,"{""Tipo de comida"": ""Cena"", ""Precio por persona"": ""Más de $50,000""}"
Ci9DQUlRQUNvZENodHljRjlvT21wRldHWkVVR3BZTjI5S1JscE9lblZ5T0V4dU1uYxAB,IDA Restaurant Bar,5,2025-10-24T04:19:50.814Z,"El concepto del hotel y restaurante es muy bonito un hotel bastante cómodo y hermoso, el restaurante si debería tener más opciones internacionales en su menú para los desayunos con hospedaje ya que sus tres opciones no son muy atractivas.",19,True,0,google_maps,{}
Ci9DQUlRQUNvZENodHljRjlvT2pOc1UwMUJNbE4zWm0xWmIxTkpWbVJmUmpSWFlVRRAB,IDA Restaurant Bar,5,2025-10-19T17:18:42.202Z,"Muy a gusto en el Día de la Madre. Excelente ambientación sensorial: aromas cuidadosamente logrados en los platos, música en vivo perfectamente acorde al entorno y una atmósfera cálida que invita a disfrutar. En cuanto a la comida, simplemente impecable; difícil imaginar una mejor preparación.",37,True,0,google_maps,{}
Ci9DQUlRQUNvZENodHljRjlvT2pWemNEWm1UeTFpZFdoVGVDMU9jVkZxU0hsc09IYxAB,IDA Restaurant Bar,2,2025-10-14T00:57:44.071Z,"Creo que fui un mal día porque me habían hecho buenos comentarios.
Estuvo todo bastante lerdo, una burrata congelada en el centro, platos muy chiquitos, éramos 4 en la mesa nos trajeron 3 langostinos, pedimos uno más nos dijeron que lo cobraban extra. Mala experiencia.",7,False,0,google_maps,{}
Ci9DQUlRQUNvZENodHljRjlvT2poWGRtUk5jbTlMUjNWTU1rVkxTbnBIZUdSWE1XYxAB,El Mesón de Gauss,5,2026-04-25T13:28:20.969Z,,5,False,0,google_maps,"{""Tipo de comida"": ""Almuerzo"", ""Precio por persona"": ""$20,000-30,000"", ""Nivel de ruido"": ""Silencioso, agradable para conversar"", ""Tiempo de espera"": ""Sin espera""}"
Ci9DQUlRQUNvZENodHljRjlvT2s5UmFXNXFVbGxUT0dwNlZWOXVabTlqTlRaYVJXYxAB,El Mesón de Gauss,5,2026-04-25T02:53:52.390Z,,0,False,0,google_maps,{}
Ci9DQUlRQUNvZENodHljRjlvT2kxR1VHTnJha2RtTFZGVFpFdFdhRlZrV25wS1NYYxAB,El Mesón de Gauss,1,2026-04-23T17:33:10.738Z,"Ofrecieron la carta
Y no tienen nada, un desastre!",4,False,0,google_maps,{}
Ci9DQUlRQUNvZENodHljRjlvT2kxTFFXRnhPVFJuWDJSbVZUZFFhVE5OTlZOUlMwRRAB,El Mesón de Gauss,4,2026-04-23T15:39:21.053Z,,32,True,0,google_maps,{}
Ci9DQUlRQUNvZENodHljRjlvT25CS2FEZEtaSGhRWkRKdFNsWldaM0l4VjNNMmFHYxAB,El Mesón de Gauss,5,2026-04-22T14:31:38.158Z,"Festeje mi cumple en la sucirsal de gausse y todo fue perfecto. Martina como encargada siempre presente, los mozos atentos, el servicio muy agil y amable. Gracias !!!@@",8,False,0,google_maps,{}
Ci9DQUlRQUNvZENodHljRjlvT25CdGEzaG9jVjlPWlZkbVUyeExha2hvYlhjd2JXYxAB,El Mesón de Gauss,4,2026-04-14T19:28:59.696Z,,7,False,0,google_maps,{}
Ci9DQUlRQUNvZENodHljRjlvT21oRU56TmpZM2hmWTFwdk4zWkZOR0Z6YjIxVVdFRRAB,El Mesón de Gauss,2,2026-04-14T00:04:23.609Z,"Una pena que un lugar tan lindo, tenga mala atención. La moza muy amable pero se olvidaron de comandar el pedido, por lo cual estuvimos 1h esperando el almuerzo. Una pena",14,False,0,google_maps,{}
Ci9DQUlRQUNvZENodHljRjlvT2xsak5ubDBOVVYzVFMxNWFteG1hR28yV0RKaE1FRRAB,El Mesón de Gauss,1,2026-04-13T01:37:34.422Z,"Un horror,fui con mi hija y mi nieta a merendar,dos cafe con leche,tostado tostadas fit,y criollitos,en la mitad de la merienda,mi hija toma un sorbo del cafe y se saca de la boca una mosca muerta!!!!! Q asco,nos cobraron como si fuera de lujo,se ve q ni lavan ni miran las tazas!! Vomito del asco ,nunca mas!!!",90,True,0,google_maps,{}
Ci9DQUlRQUNvZENodHljRjlvT2tWc1p6WnVSM1pDYzBSNlIxcGxZbVoyYkdWVlJXYxAB,El Mesón de Gauss,5,2026-04-12T12:28:33.386Z,,2,False,0,google_maps,{}
Ci9DQUlRQUNvZENodHljRjlvT21Kc1VqbHpWbEZqY2xZMWJuZDJSek5EYzFKZmVsRRAB,El Mesón de Gauss,5,2026-04-05T20:44:50.048Z,,1,False,0,google_maps,"{""Tipo de comida"": ""Cena"", ""Precio por persona"": ""$10,000-20,000"", ""Nivel de ruido"": ""Silencioso, agradable para conversar"", ""Tiempo de espera"": ""Sin espera""}"
Ci9DQUlRQUNvZENodHljRjlvT2pSMVlrSnNWR1EwUW5WVU5WUkNSREZmZW14eE4wRRAB,El Mesón de Gauss,5,2026-04-01T14:28:38.434Z,,17,True,0,google_maps,"{""Tipo de comida"": ""Cena"", ""Tamaño del grupo"": ""Apto para grupos de todos los tamaños"", ""Tiempo de espera"": ""Sin espera""}"
Ci9DQUlRQUNvZENodHljRjlvT2pKamVrSmlObXhPTlZOd1NEVklSUzAxZWt0c2JWRRAB,El Mesón de Gauss,3,2026-03-31T21:47:43.092Z,"Buena comida, lindo ambiente y lugar fuimos un día que justo no tenían su famoso lomito con pan de pizza y el otro era medio común para cobrarlo tan bien. Porciones abundantes. Calidad de alimentos, atención rápida.",15,True,0,google_maps,"{""Tipo de comida"": ""Cena"", ""Precio por persona"": ""$20,000-30,000"", ""Tamaño del grupo"": ""Apto para grupos de todos los tamaños"", ""Tiempo de espera"": ""De 10 a 30 min"", ""Espacios para estacionar"": ""Hay suficiente espacio""}"
Ci9DQUlRQUNvZENodHljRjlvT2pSWlVVOU9Va3BGYUdGSlVFRTBZMEpMYkZka1NIYxAB,El Mesón de Gauss,5,2026-03-29T12:47:08.711Z,,10,True,0,google_maps,{}
Ci9DQUlRQUNvZENodHljRjlvT2xSRVNWUlNlR1ZEWVVaRllrTmhNRWg1VlhaYVVtYxAB,El Mesón de Gauss,5,2026-03-24T03:05:17.212Z,,6,False,0,google_maps,"{""Tipo de comida"": ""Cena"", ""Nivel de ruido"": ""Silencioso, agradable para conversar""}"
Ci9DQUlRQUNvZENodHljRjlvT21aSlRsQkJUemRFYzNkUWNqVlBNbFZxU0V0NVdVRRAB,El Mesón de Gauss,4,2026-03-22T01:19:11.542Z,"Vinimos varias veces a cenar con mis hijos.
El chef nunca decepciona; toda la comida es riquísima. Los precios están muy bien.
Los mozos de la noche son muy atentos.
Seguiremos volviendo 😁",12,True,0,google_maps,{}
Ci9DQUlRQUNvZENodHljRjlvT2xGQ1dtWjZTWEE0VkVaSmVVcHBkMEYzZEhoSWVVRRAB,El Mesón de Gauss,4,2026-03-19T22:38:47.314Z,,24,True,0,google_maps,"{""Tipo de comida"": ""Almuerzo"", ""Precio por persona"": ""$10,000-20,000"", ""Tamaño del grupo"": ""3 o 4 personas"", ""Tiempo de espera"": ""De 10 a 30 min""}"
Ci9DQUlRQUNvZENodHljRjlvT2tadE16VnVjakZ1VkRGdmJqQlRjbTU1V1Uxck1sRRAB,El Mesón de Gauss,5,2026-03-18T10:45:08.543Z,"Lindo ambiente, buena comida, buena atención",66,True,0,google_maps,"{""Tipo de comida"": ""Cena"", ""Precio por persona"": ""$10,000-20,000"", ""Tiempo de espera"": ""Sin espera""}"
Ci9DQUlRQUNvZENodHljRjlvT201TllqRjZhVFZaWWpJM1ZIbHNaSEpMWTBKa2FVRRAB,El Mesón de Gauss,3,2026-03-18T02:36:09.186Z,"Vinimos con unos amigos, y NO HAY PIZZAS! lo peor es que no te advierte cuando te indican que abras la carta. Y tampoco tienen helados hasta el viernes....(hoy es martes)  .
Sinceramente el servicio ha decaído considerablemente.
La calidad de las tablas es muy buena.",49,True,0,google_maps,"{""Tipo de comida"": ""Cena""}"
ChdDSUhNMG9nS0VJQ0FnSUMxLUtiaHVnRRAB,El Mesón de Gauss,3,2026-03-15T19:28:43.033Z,Me pedí el campero que entre otras cosas viene con jugo de naranja y dulce de leche. Me lo trajeron con agua y una mermelada que nada q ver. Y cuando me acerco a pagar veo que tienen todos esos dulces de leche. No llego como en la descripción pero si me lo cobraron como en la descripción!!!,63,True,0,google_maps,{}
Ci9DQUlRQUNvZENodHljRjlvT2pWeFUxcEVOVVZwV2tad1YwbG5TRVY1UjFCeU1uYxAB,El Mesón de Gauss,5,2026-03-12T02:18:45.902Z,,13,True,0,google_maps,"{""Tipo de comida"": ""Desayuno"", ""Precio por persona"": ""$1-10,000"", ""Nivel de ruido"": ""Silencioso, agradable para conversar"", ""Tiempo de espera"": ""Sin espera""}"
Ci9DQUlRQUNvZENodHljRjlvT2tJelMyc3pRekYzU0dFelZqbElPVnA0TTNSYWNuYxAB,El Mesón de Gauss,5,2026-03-10T05:13:22.697Z,,15,True,0,google_maps,{}
Ci9DQUlRQUNvZENodHljRjlvT21wUFFqUklkMlJ5WTBsdloxaDZOV1JpVTNScGQzYxAB,El Mesón de Gauss,1,2026-03-09T20:26:44.498Z,"La verdad totalmente decepcionado, porque fuimos recomendados porque supuestamente se come muy bien. Mucha demora entre el pedido hasta la llegada de los platos.",152,True,0,google_maps,"{""Tipo de comida"": ""Cena"", ""Precio por persona"": ""Más de $100,000"", ""Tamaño del grupo"": ""3 o 4 personas"", ""Tiempo de espera"": ""Sin espera""}"
Ci9DQUlRQUNvZENodHljRjlvT25ZMGMwZ3RNR3R1WVhkNVFuZFZNVk5XWVZoaVExRRAB,El Mesón de Gauss,4,2026-03-05T19:13:47.760Z,Lomitos muy recomendables,46,True,0,google_maps,"{""Tipo de comida"": ""Cena"", ""Precio por persona"": ""$20,000-30,000""}"
Ci9DQUlRQUNvZENodHljRjlvT2psQkxXcFBTM1owWmpCalVYSkhXV3RDUVZFMFpWRRAB,El Mesón de Gauss,4,2026-03-04T12:04:39.460Z,"Me encanta en verano!!!! El patio, la fuente con el ruido del agua..bello!",38,True,0,google_maps,"{""Tipo de comida"": ""Otro"", ""Precio por persona"": ""$10,000-20,000"", ""Tamaño del grupo"": ""Entre 5 y 8 personas"", ""Tiempo de espera"": ""De 10 a 30 min""}"
Ci9DQUlRQUNvZENodHljRjlvT25CblIwcFRWbnBwVFU5dVozcEtaVkZ6VFZSblJsRRAB,El Mesón de Gauss,3,2026-03-03T14:44:50.972Z,Estacionamiento poco cómodo.  Buen servicio de las mozas. Muy buenos los sandwichs. Fría la cerveza. Las papas snacks...rancias.,743,True,0,google_maps,"{""Tipo de comida"": ""Brunch"", ""Precio por persona"": ""Más de $100,000"", ""Tamaño del grupo"": ""3 o 4 personas"", ""Tiempo de espera"": ""Sin espera""}"
ChdDSUhNMG9nS0VJQ0FnSURKdThlbHd3RRAB,El Mesón de Gauss,3,2026-02-28T04:45:48.335Z,Mala relación calidad precio… 11 anillos minúsculos de rabas $28000 el 27/02/26. Valores relativos totalmente distorsionados.,113,True,0,google_maps,"{""Tipo de pedido"": ""Consumo en el lugar"", ""Tipo de comida"": ""Otro"", ""Precio por persona"": ""$2,500-3,000""}"
Ci9DQUlRQUNvZENodHljRjlvT21WZlJuSXdNazVKUjFwdE9VSlZhVGxtYWtGQ1YzYxAB,El Mesón de Gauss,1,2026-02-26T16:40:44.029Z,"Medialunas y criollos de mala calidad. Café de mala calidad. Asientos y mesas desniveladas. No te pueden ofrecer un desayuno completo por 9 mil pesos c/u , con esta calidad de panificacion, con dulce y manteca descartable.",26,True,0,google_maps,"{""Tipo de comida"": ""Desayuno"", ""Precio por persona"": ""$10,000-20,000"", ""Nivel de ruido"": ""Ruido moderado"", ""Tiempo de espera"": ""Hasta 10 min""}"
Ci9DQUlRQUNvZENodHljRjlvT21sc1dWOTRUVlF4UzJReVJXOUJabmQyYUVKWFdIYxAB,El Mesón de Gauss,1,2026-02-26T14:40:18.546Z,"Solo café , pésimo,quemado ,lástima porque trabajan Ardu que es un café excelente",49,True,0,google_maps,"{""Tipo de comida"": ""Desayuno"", ""Precio por persona"": ""$1-10,000"", ""Nivel de ruido"": ""Silencioso, agradable para conversar"", ""Tiempo de espera"": ""Sin espera""}"
Ci9DQUlRQUNvZENodHljRjlvT210eFkxWk9WM3A1WWpnNVUwNXNja1ZxZURaQmJYYxAB,El Mesón de Gauss,5,2026-02-24T18:09:33.703Z,,11,True,0,google_maps,{}
Ci9DQUlRQUNvZENodHljRjlvT21kRWJuaHVNRjgzWnpWVk5uTktWR1JtZFZsRFFsRRAB,El Mesón de Gauss,1,2026-02-22T00:11:49.720Z,"Anoche después de ir al teatro fuimos a comer al Mesón, pedimos lomito se demoraron una hora en traerlo, no nos ofrecieron panera ni nada por la demora, había re poca gente por lo que no se entendía tanta demora por un lomito!!!!
A la hora pregunté si nos podían traer una panera y esto fue de mal en peor, nos trajeron una con unos panes que eran una roca literal , como será que hasta la gente de la mesa de al lado no lo podía creer!
La moza nos dijo que ya lo arreglaba y nunca más apareció, no nos trajeron más pan ni nada
Pasada la hora llegó el lomito que no fue la gran cosa.
Obvio cobraron la cuenta completa y ni media disculpa
Un desastre absoluto",3,False,0,google_maps,{}
Ci9DQUlRQUNvZENodHljRjlvT2psWFVEZFhaMkp4YjNWTVRrVkpka00yVTBaUU1YYxAB,El Mesón de Gauss,4,2026-02-20T20:01:54.743Z,Muy rica comida. La atención es buena. El ambiente es genérico para el tipo de lugar para ir con amistades o familia. Lindo.,19,True,0,google_maps,"{""Tipo de comida"": ""Cena"", ""Precio por persona"": ""$10,000-20,000"", ""Tiempo de espera"": ""Sin espera""}"
Ci9DQUlRQUNvZENodHljRjlvT2pCRmFUVmFjV1puVGxOWU9XbzRiR2xJTTNKVFpuYxAB,El Mesón de Gauss,4,2026-02-18T23:56:13.527Z,"Muy buen lugar para comer en el Cerro. Adecuada atención. Comida rica en buen precio y de buena calidad. Varios espacios, tanto al aire libre como dentro con climatización.",138,True,0,google_maps,"{""Tipo de comida"": ""Almuerzo"", ""Precio por persona"": ""$20,000-30,000"", ""Tamaño del grupo"": ""Apto para grupos de todos los tamaños"", ""Tiempo de espera"": ""Sin espera""}"
Ci9DQUlRQUNvZENodHljRjlvT2tGTFRHbFJXamRXYm1SdWNVTlVibmx6Y1VFMVkyYxAB,El Mesón de Gauss,5,2026-02-18T00:33:09.270Z,"Fuimos con los peques a almorzar, tuvimos una experiencia hermosa. La moza muy atenta, rica la comida y el precio acorde. Baños limpios, sector de juegos para niños. Muy recomendable.",71,True,0,google_maps,"{""Tipo de comida"": ""Almuerzo"", ""Adecuado para niños"": ""Si, excelente!""}"
Ci9DQUlRQUNvZENodHljRjlvT25OdlkwVXhlbTFIUXpsbGNYSXpTalJyUlRRd1EwRRAB,El Mesón de Gauss,4,2026-02-17T21:54:04.753Z,,293,True,0,google_maps,{}
Ci9DQUlRQUNvZENodHljRjlvT2tOTWJGOXVWSFZwU0Rsc1UwZEphbXhIVmprd2FXYxAB,El Mesón de Gauss,1,2026-02-16T18:13:05.804Z,No me gustó nada la comida. El lugar es lindo.,29,True,0,google_maps,{}
Ci9DQUlRQUNvZENodHljRjlvT21OclJuZ3lka3hJVldkUlZGWkdYMFY2VUc5b2VVRRAB,El Mesón de Gauss,1,2026-02-14T19:22:36.672Z,"40 minutos esperando atención, el lugar no estaba lleno,  estuvimos afuera una desilusión...
Mala atención",70,True,0,google_maps,{}
Ci9DQUlRQUNvZENodHljRjlvT2xCbVMwUm1Wa05KVlZSS05WSTBOVnBZTW5CNVQyYxAB,El Mesón de Gauss,4,2026-02-14T17:07:32.501Z,"Fuimos hoy porque buscábamos donde desayunar y que tuviesen juegos para niños . encontramos comentarios de que acá tenían  y así fue no es la gran cosa, pero mi hijo que tiene 9 años encontró con qué entretenerse (yenga). A nivel estético muy lindo y relajador el lugar. Precios me pareció bastante bien. Gastamos 30mil y comimos 2 desayunos y una leche chicolatada. Les recomiendo que los panes de campo deberían de ser un poco más finos porque no es cómodo comerlos, desperdicias mucho.
A modo reclamo fue que con todo el pedido no vinieron los jugos de naranja (3 veces los reclamamos). Los trajeron recién cuando estábamos por pagar y encima estaban calientes.",95,True,0,google_maps,"{""Tipo de comida"": ""Desayuno"", ""Precio por persona"": ""$20,000-30,000"", ""Tamaño del grupo"": ""Apto para grupos de todos los tamaños"", ""Tiempo de espera"": ""Sin espera"", ""Espacios para estacionar"": ""Hay suficiente espacio"", ""Adecuado para niños"": ""Tienen un espacio pequeño, con hamaca, yenga y pizarra. Mi hijo de 9 se entretuvo por lo menos."", ""Accesibilidad en silla de ruedas"": ""Si hay""}"
Ci9DQUlRQUNvZENodHljRjlvT25selJXSlliekZtTkVadFQyUlVUbkZDUWxkWVUxRRAB,El Mesón de Gauss,4,2026-02-08T06:51:14.844Z,,107,True,0,google_maps,{}
Ci9DQUlRQUNvZENodHljRjlvT21OMk5WVmhNa0pZYWtSa1RHdFZiRFZJYlc5NlNsRRAB,El Mesón de Gauss,1,2026-02-08T02:48:47.563Z,"Me sirvieron una tabla mesón y vino:
-Fria el 90% de los ingredientes salvo las rabas.
-Precisamente las rabas eran 3 (tres) unidades
-Las papas que vienen con la tabla, no se sabe si eran al horno o fritas, en cualquier modo, estaban DURAS NIVEL nivel Lemoine.
-Pedimos una tortilla de papas para acompañar, obviamente las papas también estaban bien duras
-Los bastones de mozzarella apenas tibios x fuera, y fríos en el centro del queso como relleno.

Nunca más.",86,True,0,google_maps,"{""Tipo de comida"": ""Cena"", ""Precio por persona"": ""$20,000-30,000"", ""Tamaño del grupo"": ""3 o 4 personas"", ""Tiempo de espera"": ""Sin espera"", ""Espacios para estacionar"": ""Vas a tardar en estacionar""}"
Ci9DQUlRQUNvZENodHljRjlvT2psWlVUZFJjRmQwU0VaRFowTkhka1V3YUY5NWVVRRAB,El Mesón de Gauss,5,2026-02-07T16:40:48.092Z,Espectacular la comida y las porciones son gigantes!!,12,False,0,google_maps,{}
Ci9DQUlRQUNvZENodHljRjlvT2s0NFREZFlYM2RNWTFGM09EVkdWVlptTFVSS1IwRRAB,El Mesón de Gauss,5,2026-02-07T00:17:23.260Z,Excelente servicio,41,True,0,google_maps,{}
Ci9DQUlRQUNvZENodHljRjlvT21Wb09XdGFaR1JpTkhOcVpVNTRjMnBqWlZCb1kzYxAB,El Mesón de Gauss,5,2026-02-06T16:54:20.048Z,,2,True,0,google_maps,{}
Ci9DQUlRQUNvZENodHljRjlvT2xCM00zbDNjMDkyUzE5RWJUTnZjWFEwYzI1R1VHYxAB,El Mesón de Gauss,4,2026-02-04T19:50:47.749Z,,1,True,0,google_maps,{}
Ci9DQUlRQUNvZENodHljRjlvT2xoQk5FSm9kM1pvUjBkTlp6WmFPRU16UTJ4QlFuYxAB,El Mesón de Gauss,5,2026-02-01T22:15:00.703Z,Suelo ir con mí hijo pre adolescente y la verdad la pasamos hermoso!! Es nuestro momento de charlas y cositas ricas!! 🥰,75,True,0,google_maps,"{""Precio por persona"": ""$10,000-20,000"", ""Tamaño del grupo"": ""Entre 5 y 8 personas"", ""Tiempo de espera"": ""Hasta 10 min""}"
Ci9DQUlRQUNvZENodHljRjlvT25vMWVGRm1jRzVWU0RoT1dYQndVVTVuUkVGV09HYxAB,El Mesón de Gauss,4,2026-01-31T19:03:02.364Z,,0,True,0,google_maps,{}
Ci9DQUlRQUNvZENodHljRjlvT2xWbk1HOXNWMHhPTm1NNE9VaHBXazlOVWxaZloyYxAB,El Mesón de Gauss,5,2026-01-29T11:29:08.406Z,,10,True,0,google_maps,"{""Tipo de comida"": ""Otro"", ""Precio por persona"": ""$20,000-30,000"", ""Tamaño del grupo"": ""Apto para grupos de todos los tamaños"", ""Tiempo de espera"": ""Sin espera"", ""Restricciones de dieta"": ""Tienen opciones sin TACC"", ""Espacios para estacionar"": ""No lo sé""}"
Ci9DQUlRQUNvZENodHljRjlvT2xoc1EwMUlXR0pvYUdoYVNqWkpkRlkzU1RVMVUwRRAB,El Mesón de Gauss,5,2026-01-26T23:28:26.128Z,,20,True,0,google_maps,{}
Ci9DQUlRQUNvZENodHljRjlvT25od2VWVm1OMlZWVkhsVmNtNHhTbGhuZERKMk5rRRAB,El Mesón de Gauss,5,2026-01-25T17:29:23.327Z,"El lugar muy lindo, la comida buena, la atención hace que no tengas ganas de volver....",291,True,0,google_maps,"{""Tipo de comida"": ""Almuerzo"", ""Precio por persona"": ""$20,000-30,000"", ""Tamaño del grupo"": ""2 personas"", ""Tiempo de espera"": ""Sin espera""}"
Ci9DQUlRQUNvZENodHljRjlvT2t0WWJteGxZbkU0U20xa2NGbHBaRkpaTWpOaFUzYxAB,El Mesón de Gauss,3,2026-01-24T13:12:39.267Z,Desayune muy bien. El servicio de mozas muy flojo,123,True,0,google_maps,"{""Tipo de comida"": ""Desayuno"", ""Precio por persona"": ""$10,000-20,000""}"
Ci9DQUlRQUNvZENodHljRjlvT21wNmJXRlRkRXMwTUVwRlJYWlFhakJXVEhCTVRFRRAB,El Mesón de Gauss,1,2026-01-20T17:20:13.799Z,"Mala atención, la comida no nos gustó tampoco, los wraps secos el gohan que no es gohan l ensalada César desabrida",3,False,0,google_maps,{}
Ci9DQUlRQUNvZENodHljRjlvT25kWlFqaHFSQzA1VWw5SVUyZHhWRGxWV0V4MFlXYxAB,Mitica,5,2026-04-26T08:18:50.965Z,,1,False,0,google_maps,{}
Ci9DQUlRQUNvZENodHljRjlvT25OR1UzTXdkbWt3TmxJeFNWVjVNa2xoWWxWUFRuYxAB,Mitica,5,2026-04-23T01:16:51.638Z,Excelente el lugar y muy rica la comida. La atención fantástica,7,False,0,google_maps,{}
Ci9DQUlRQUNvZENodHljRjlvT2pRdFdIRTBVak01Vm5SMFdrdHNhM0ZHUXpaNlpWRRAB,Mitica,5,2026-04-19T02:44:24.388Z,"Nos atendió Adrián, excelente todo! Recomiendo 100%",47,True,0,google_maps,{}
Ci9DQUlRQUNvZENodHljRjlvT2t0UWVVSjJNakpSVG1GWVJsUklVbFJzUmxoSVVXYxAB,Mitica,5,2026-04-17T01:52:13.954Z,Muy cálida y cordial la atención de la moza Pau.,5,False,0,google_maps,"{""Tipo de comida"": ""Cena"", ""Precio por persona"": ""$50,000-60,000"", ""Reservas"": ""Varía según la hora o el día"", ""Tiempo de espera"": ""Sin espera""}"
Ci9DQUlRQUNvZENodHljRjlvT2xCdloxbzJNVGxCWkhKWlUzTlJiMFE1VW1OMExWRRAB,Mitica,5,2026-04-15T16:26:56.935Z,Espectacular. La comida increíble y la atención muy buena.,11,False,0,google_maps,{}
Ci9DQUlRQUNvZENodHljRjlvT25ab01UTkpiMGxMUWxGR2VFbExiakZyZEdsMWNWRRAB,Mitica,5,2026-04-15T15:20:09.366Z,Muy bueno el sushi!!! Fuimos a almorzar e impecable! Todo muy rico y la atención de la moza excelente!,1,False,0,google_maps,"{""Precio por persona"": ""$20,000-30,000""}"
Ci9DQUlRQUNvZENodHljRjlvT2tWR1dUaFJWRE01U1dOVlNsVnFVMDVZV1hSaFkwRRAB,Mitica,3,2026-04-15T12:07:55.826Z,Si bien el ambiente es muy lindo la taza del desayuno es muy chica y las medialunas también. No conduce la calidad del lugar con la comida.,113,True,0,google_maps,{}
Ci9DQUlRQUNvZENodHljRjlvT2pJNVNuZFVOM0Z5UjJOSmNYTTRTVmxXUjJSQ1gzYxAB,Mitica,5,2026-04-15T03:42:10.780Z,"Muy rica comida, exelente el tartare, y muy buena atención por parte de Nacho!",1,False,0,google_maps,"{""Tipo de comida"": ""Cena"", ""Precio por persona"": ""$70,000-80,000"", ""Tiempo de espera"": ""Sin espera"", ""Tipo de asiento"": ""Comedor cubierto, Área de bar""}"
Ci9DQUlRQUNvZENodHljRjlvT21aTFgwbFhTM1J1TjJFeE5ESlRTM2QzWjFOd1JsRRAB,Mitica,5,2026-04-15T03:41:07.346Z,"Excelente atención por parte de Nacho, un genio.
Muy rico todo 🙌",7,False,0,google_maps,{}
Ci9DQUlRQUNvZENodHljRjlvT2pobVZUbHVObEJEYlVWRlVrOXhXamxNV0MxUVpuYxAB,Mitica,5,2026-04-15T02:52:19.748Z,"Un lugar diferente! Ya desde el ingreso uno se siente bien atendido en un ambiente muy agradable. La atención de Paula fue  muy esmerada y profesional. Nos aconsejó muy bien para elegir entradas y postres que compartimos. Los platos principales fueron elecciones individuales. Todo mas que rico!! Excelente la presentación de cada uno de los platos.
Muy recomendable!",285,True,0,google_maps,"{""Tipo de comida"": ""Cena"", ""Precio por persona"": ""$50,000-60,000"", ""Tiempo de espera"": ""Sin espera"", ""Tipo de asiento"": ""Comedor cubierto, Asientos en la barra""}"
Ci9DQUlRQUNvZENodHljRjlvT2twQ1NXNXVSamd6UlU4dFIyZE1aMHRITkZWR2NGRRAB,Mitica,5,2026-04-14T22:09:09.440Z,,11,False,0,google_maps,{}
Ci9DQUlRQUNvZENodHljRjlvT2xjelVXNDFZVFp1ZW1SYU5tdFhaWEJqWm1oNlNsRRAB,Mitica,5,2026-04-14T20:06:56.344Z,,5,False,0,google_maps,"{""Tipo de comida"": ""Cena"", ""Precio por persona"": ""$40,000-50,000"", ""Tiempo de espera"": ""Sin espera"", ""Tipo de asiento"": ""Comedor cubierto""}"
Ci9DQUlRQUNvZENodHljRjlvT20xaGQzazRaSFZOWjBoRUxXVk1VazVTZVd0NmRFRRAB,Mitica,2,2026-04-14T19:44:18.119Z,"Fuimos 2 personas comimos el menú que parecía estar bien,pero la entrada ,un tenedor sobraba
La carne de cerdo sin gusto con una salsa incomible,( con las salsas agridulces baratas para hacer ,gran decepcion",9,False,0,google_maps,"{""Tipo de comida"": ""Otro"", ""Precio por persona"": ""$40,000-50,000"", ""Tiempo de espera"": ""De 10 a 30 min"", ""Tipo de asiento"": ""Comedor cubierto""}"
Ci9DQUlRQUNvZENodHljRjlvT25Gc2FFODRNRVk1T0V4MU5IVkNjbEE1UzIwMlNHYxAB,Mitica,3,2026-04-14T01:22:36.424Z,"Se desentienden del Wp y las redes. Tenés que ir en persona para enterarte . Tienen el menú ejecutivo en una historia de Instagram y resulta que no la actualizan.
Fuimos a mediodía y demoramos 2 hs en comer .... Descartado como opción de almuerzos en al semana.",42,True,0,google_maps,{}
Ci9DQUlRQUNvZENodHljRjlvT25sa1ZXUkdiRGRIV1dscUxXRkVjbFp3UjFwZmRXYxAB,Mitica,5,2026-04-12T03:07:51.534Z,,67,True,0,google_maps,{}
Ci9DQUlRQUNvZENodHljRjlvT2xoM1JEUmZXakJ6WldVM2NuVXdVemhXTWtkemVtYxAB,Mitica,5,2026-04-11T04:15:24.551Z,"Hermoso lugar, primera vez que voy y quedé encantada. La atención de los chicos muy buena y Milagros, la recepcionista, muy amable y atenta!!",1,False,0,google_maps,{}
Ci9DQUlRQUNvZENodHljRjlvT25sMVpIaHFhMk5oWm14c2RWQmpaMTlDTmsxWk5GRRAB,Mitica,5,2026-04-11T03:28:03.812Z,"Todo espectacular, sin dudas un lugar para volver siempre.
La comida es de primer nivel, el servicio impecable y el ambiente muy agradable.
Destaco especialmente la recepción: desde el primer momento te hacen sentir cómodo, con una atención cálida, carismática y súper predispuesta.
10/10 en todos los aspectos.",4,False,0,google_maps,"{""Tipo de pedido"": ""Consumo en el lugar"", ""Precio por persona"": ""$90,000-100,000"", ""Nivel de ruido"": ""Ruido moderado"", ""Eventos especiales"": ""Música en vivo""}"
Ci9DQUlRQUNvZENodHljRjlvT2toMVZGTnphSGxLZW1WdmRXNVVUVzVFWlRrNGMyYxAB,Mitica,5,2026-04-11T00:16:13.252Z,"Mucha calidez humana, el chef francisco un genio",1,False,0,google_maps,{}
Ci9DQUlRQUNvZENodHljRjlvT20xQlRGVnBMVUUwY0ZCQlYzRkxZbFo2WkVSZmJuYxAB,Mitica,5,2026-04-10T03:00:51.364Z,,9,False,0,google_maps,"{""Tipo de comida"": ""Cena"", ""Precio por persona"": ""$40,000-50,000"", ""Tiempo de espera"": ""Sin espera"", ""Tipo de asiento"": ""Comedor cubierto""}"
Ci9DQUlRQUNvZENodHljRjlvT25sdFExaEhjV0ZTT0ZSS1prTkJlVUl6WkZsR1IwRRAB,Mitica,5,2026-04-09T22:56:45.215Z,Excelente,3,False,0,google_maps,"{""Tipo de comida"": ""Brunch"", ""Precio por persona"": ""$20,000-30,000"", ""Tiempo de espera"": ""Sin espera"", ""Tipo de asiento"": ""Comedor cubierto""}"
Ci9DQUlRQUNvZENodHljRjlvT2xGM05rMVRPRXBrTkdJdFptVlpSRU54Ymxac1dVRRAB,Mitica,5,2026-04-09T22:54:24.876Z,"No se lo pierdan!!!
Soy celiaca y cubrieron todas mis expectativas",4,False,0,google_maps,{}
Ci9DQUlRQUNvZENodHljRjlvT25OdExXc3hRMnhZYWxObWRUWnlObE0zTmpZdExWRRAB,Mitica,5,2026-04-09T03:29:00.788Z,"Primera vez que vengo y quedé impresionado con la comida, muy buena calidad!!
Ignacio y Milagros nos brindaron una atención muy cálida y amable.
Lo recomiendo totalmente!",2,False,0,google_maps,{}
Ci9DQUlRQUNvZENodHljRjlvT2xsTmJFcHlkbEpFVlRCeGNrcFRjM2h6ZGpWc09FRRAB,Mitica,5,2026-04-09T02:27:49.926Z,"La recepcionista, los chicos del servicio y la barra excelente! Solo clientes y nos sentimos muy a gusto! Gracias!",1,False,0,google_maps,"{""Tipo de comida"": ""Cena"", ""Precio por persona"": ""$60,000-70,000"", ""Tiempo de espera"": ""Sin espera"", ""Tipo de asiento"": ""Comedor cubierto""}"
Ci9DQUlRQUNvZENodHljRjlvT2t4WFFrSlVSMmN3WlVGMmRYQk1TVlpXYWpoT1NHYxAB,Mitica,5,2026-04-09T01:28:58.953Z,Hermoso lugar muy íntimo,1,False,0,google_maps,{}
Ci9DQUlRQUNvZENodHljRjlvT25GQ01GOU1ORkphWmpSdE5WRkhiMU5SU1hoYWVFRRAB,Mitica,5,2026-04-09T01:27:24.985Z,Hermoso y cálido lugar,68,True,0,google_maps,"{""Tipo de comida"": ""Otro""}"
Ci9DQUlRQUNvZENodHljRjlvT21OaU1tSTNNVUUzTWxGYU9GRnNlRFJuY0VkV1NuYxAB,Mitica,3,2026-04-08T18:25:31.573Z,El cafe con leche para desayunar poco menos te lo sirven en un dedal....taza grande maestro....cobramela pero dame un cafe con leche decente,59,True,0,google_maps,"{""Tipo de comida"": ""Desayuno"", ""Precio por persona"": ""$10,000-20,000"", ""Tiempo de espera"": ""De 10 a 30 min""}"
Ci9DQUlRQUNvZENodHljRjlvT25kWFdFNURVMDAzTWs1bmVWQktVbFJTWW5GclQyYxAB,Mitica,5,2026-04-06T01:03:02.489Z,Hicimos una degustacion de sushi en la cava...excelente..!!,177,True,0,google_maps,"{""Tipo de comida"": ""Cena"", ""Precio por persona"": ""$90,000-100,000"", ""Reservas"": ""Se recomienda hacer una reserva"", ""Tamaño del grupo"": ""Apto para grupos de todos los tamaños"", ""Platos vegetarianos"": ""Si"", ""Restricciones de dieta"": ""Si"", ""Espacios para estacionar"": ""Es un poco difícil encontrar estacionamiento"", ""Opciones de estacionamiento"": ""Estacionamiento gratuito en la calle"", ""Estacionamiento"": ""Excelente ambientación, y atención"", ""Adecuado para niños"": ""Si"", ""Accesibilidad en silla de ruedas"": ""Si""}"
Ci9DQUlRQUNvZENodHljRjlvT205TVNYTkNSbXc0Tm5CeFRGcHNTVTE0Ym1oR2JIYxAB,Mitica,5,2026-04-05T14:14:49.085Z,"Hermoso lugar, el ambiente es muy lindo. La atención de todo el personal es excelente y el sushi riquísimo.",93,True,0,google_maps,{}
Ci9DQUlRQUNvZENodHljRjlvT2t4Wk16QjJTbFJHVlhaNmVtVmthVzFaTVVWS1pIYxAB,Mitica,5,2026-03-30T13:41:42.797Z,"Excelente todo hermoso lugar. Si van atiéndanse con pau, un amor de persona, muy agradable y predispuesta",5,False,0,google_maps,"{""Tiempo de espera"": ""Sin espera""}"
Ci9DQUlRQUNvZENodHljRjlvT2tOcmMyaFZhbWd6TlRFME5IVlFiSEJWV25GMFgxRRAB,Mitica,5,2026-03-29T03:34:28.675Z,"El mejor sushi de Córdoba, y la excelente atención de Paula",3,False,0,google_maps,{}
Ci9DQUlRQUNvZENodHljRjlvT2pCcE5ETk9RVlZ4T0V0bFprVXdMV0pKZVc1T1dFRRAB,Mitica,5,2026-03-27T02:27:43.963Z,"Excelente comida
Muy buena atencion de Paula
Recomiendo!",6,False,0,google_maps,{}
Ci9DQUlRQUNvZENodHljRjlvT21sUE5tSTNkMFYzZVhwaVYwUnpZMXB2YmxaT1pHYxAB,Mitica,5,2026-03-26T19:55:09.876Z,Buenísimo 👏🏻 👏🏻 👏🏻,4,False,0,google_maps,"{""Tipo de comida"": ""Almuerzo""}"
Ci9DQUlRQUNvZENodHljRjlvT25WVmNGRm1UQzE2Y0dFME1YSnRhelYyVVV0RGQwRRAB,Mitica,4,2026-03-25T11:05:22.593Z,,13,True,0,google_maps,{}
Ci9DQUlRQUNvZENodHljRjlvT25kbWVsQnpZVE4wT0hsZlMwSTNWWHBMZFRRNVJFRRAB,Mitica,5,2026-03-24T03:32:35.118Z,"Primera vez que venimos y la verdad que desde el principio hasta el fin, nos atendieron como los dioses. Mi pareja sorteo al azar un vino, que justo no tenian, pero Paula ahi estuvo para lograr captar la botella justa!
Principal y postre, por donde los veas, un exito!
Vengan, disfruten, que lo amerita, y si desean gastar poco, aca no es, amen ✨🙌🏽",10,False,0,google_maps,"{""Precio por persona"": ""$50,000-60,000"", ""Reservas"": ""No se requiere hacer una reserva"", ""Tiempo de espera"": ""Sin espera""}"
Ci9DQUlRQUNvZENodHljRjlvT2xCeFQxOHhSVTQwV1d4T1MwSlBVRTFaUkhndFVWRRAB,Mitica,5,2026-03-24T03:30:09.881Z,"Fui a cenar con mi pareja y tuve un excelente atención de Paula con mucha buena cooperación para la elección de los platos y bebida. El lugar y la comida es lo que promete, calidad y buenas sensaciones",4,False,0,google_maps,"{""Tipo de comida"": ""Cena"", ""Precio por persona"": ""$40,000-50,000"", ""Reservas"": ""Varía según la hora o el día"", ""Tiempo de espera"": ""Sin espera""}"
Ci9DQUlRQUNvZENodHljRjlvT21KMWFrWmhNbU5zVTJsUVZUUnpRM2h5ZHkxdVluYxAB,Mitica,5,2026-03-20T02:29:26.839Z,"Los tragos de Bruno IMPECABLES!.
Toda la experiencia se disfruta mucho!!
Muy recomendado!!",66,True,0,google_maps,{}
Ci9DQUlRQUNvZENodHljRjlvT25sRFZVTmliRU16YnpOVFlrOUpaME5OTFVWUVNuYxAB,Mitica,5,2026-03-12T23:09:42.378Z,,4,True,0,google_maps,"{""Tipo de comida"": ""Brunch"", ""Precio por persona"": ""$10,000-20,000"", ""Reservas"": ""Se recomienda hacer una reserva"", ""Tiempo de espera"": ""Sin espera""}"
Ci9DQUlRQUNvZENodHljRjlvT2s1M2VUUlhkVUZ0YUMxUFlWZHpRV050UkZjM2FHYxAB,Mitica,5,2026-03-11T17:51:40.422Z,,168,True,0,google_maps,{}
Ci9DQUlRQUNvZENodHljRjlvT2taV1dYUjVTV2xCZDFWQ1ZUWTBhbVF3ZG5KUlJsRRAB,Mitica,5,2026-03-08T09:56:13.747Z,Excelente todo los mozos un 10,12,True,0,google_maps,"{""Tipo de comida"": ""Cena"", ""Precio por persona"": ""Más de $100,000"", ""Tiempo de espera"": ""Sin espera"", ""Tipo de asiento"": ""Comedor privado""}"
Ci9DQUlRQUNvZENodHljRjlvT2pOblJ6aE9RWGR2TFcxRmNWQkdkamhIVGpONVZsRRAB,Mitica,5,2026-03-07T14:57:16.013Z,"El lugar invita a relajarse y disfrutar una velada cálida. La ambientación, el servicio, la exquisitez del Sushi hacen de Mítica un lugar que te obliga a volver. Los sabores que se experimentan en este restaurante son únicos, desde el sushi, el postre (nosotros pedimos flan de dulce de leche y créanme que está creado por los dioses) y los tragos de autor, todo es increíblemente rico, sabroso, único. Mis felicitaciones al Chef 🙌🏻",12,True,0,google_maps,"{""Tipo de comida"": ""Cena"", ""Precio por persona"": ""$90,000-100,000"", ""Tiempo de espera"": ""Sin espera""}"
Ci9DQUlRQUNvZENodHljRjlvT2tzMU5XZFFSMmxKYVZwNlFrcHdSREU0WVRZM1ZsRRAB,Mitica,5,2026-03-04T18:27:47.015Z,Excelente lugar! Sabores con distinción!! Gracias Juli gracias por tu calidez,51,True,0,google_maps,{}
Ci9DQUlRQUNvZENodHljRjlvT21vM1pHOXljMlZCY1hkcFVVVlJTV2hSVURoRU5rRRAB,Mitica,5,2026-03-01T02:58:00.841Z,"Nos atendió Paula y la verdad que excelente servicio, la comida exquisita y el lugar divino.",9,False,0,google_maps,"{""Tipo de comida"": ""Cena"", ""Precio por persona"": ""$30,000-40,000"", ""Reservas"": ""Varía según la hora o el día"", ""Tiempo de espera"": ""Sin espera"", ""Restricciones de dieta"": ""Pedimos sushi y nos ofrecieron salsa de soja sin gluten""}"
Ci9DQUlRQUNvZENodHljRjlvT2pRMVMzVTNSM0JEVFRGbFMyVTRZVGhpUlRWcFdXYxAB,Mitica,5,2026-03-01T02:12:57.090Z,El sushi riquísimo y la atención de Pau espectacular! Muy cálida su atención y el lugar.,2,False,0,google_maps,{}
Ci9DQUlRQUNvZENodHljRjlvT2pRMVZFSkxNR0ZrWld0QmEyZHdWMHc0TVVKbWNsRRAB,Mitica,1,2026-02-27T16:22:26.859Z,Fui a almorzar algo liviano para poder seguir. Siempre voy y como unas tostadas excelentes con palta y huevo. No me quisieron servir eso por el horario (?) pésimo desde cuando el bar decide que puede o no consumir el comensal,5,False,0,google_maps,{}
Ci9DQUlRQUNvZENodHljRjlvT2tGWFRWbG1abFZ5VW5kb1Z6TklWRzAyYjJwVE9YYxAB,Mitica,2,2026-02-26T19:53:27.720Z,":

""Quiero compartir mi experiencia en Mítica. Hicimos una reserva para 8 personas para el menú ejecutivo el día anterior, pero al llegar nos dijeron que se había acabado el cupo y solo podíamos pedir 2 menú ejecutivos, el resto a la carta con precios mucho más altos. Fue un mal momento, ya que habíamos elegido el lugar por el precio para festejar un cumpleaños. Sin embargo, quiero destacar la excelente atención de Franco y Juliana, que con su amabilidad lograron cambiar la situación y nos atendieron de manera impecable. La comida fue maravillosa, el chef hizo un gran trabajo. Agradezco su atención y espero que mejoren la política de reservas para evitar malentendidos.""",15,False,0,google_maps,{}
Ci9DQUlRQUNvZENodHljRjlvT25STVlWSlVhRTlyTVhrelgydG5kR3hRWW5RdGNWRRAB,Mitica,4,2026-02-22T01:34:04.661Z,,60,True,0,google_maps,{}
Ci9DQUlRQUNvZENodHljRjlvT2s4d1kxUkJURE00WTFNeWJFRm9URE56WDJWaWIzYxAB,Mitica,1,2026-02-21T13:29:54.849Z,"Fuimos para el 14 de febrero, el sushi nada de otro mundo. Atención muy mala, mozos desbordados con muy poco personal. El ambiente muy ruidoso prácticamente no se podía escuchar a la otra persona. Muy sobrevalorado.",6,False,0,google_maps,"{""Tipo de comida"": ""Cena"", ""Precio por persona"": ""$80,000-90,000"", ""Nivel de ruido"": ""Muy ruidoso, no se puede escuchar"", ""Eventos especiales"": ""Noches temáticas""}"
ChdDSUhNMG9nS0VJQ0FnSURuenNXYjFRRRAB,Mitica,5,2026-02-20T10:19:26.552Z,"10 ptos como siempre nuestro amigo franco el camarero y todo su staff

Hiper recomendable resto",53,True,0,google_maps,"{""Precio por persona"": ""$50,000-60,000"", ""Nivel de ruido"": ""Silencioso, agradable para conversar""}"
Ci9DQUlRQUNvZENodHljRjlvT214UFlqaEhkSEpNVjFVM1RUUmZZMjVyWTJ4elpGRRAB,Mitica,5,2026-02-19T10:10:48.724Z,"Todo es excelente. La atención, la carta y la comida.",12,False,0,google_maps,{}
Ci9DQUlRQUNvZENodHljRjlvT2tGT09XNXpXa05IZEhSd2VXeFpYeTFMVGtzdFUxRRAB,Mitica,5,2026-02-18T09:30:48.849Z,,14,True,0,google_maps,"{""Tipo de comida"": ""Almuerzo"", ""Precio por persona"": ""$20,000-30,000"", ""Reservas"": ""Se recomienda hacer una reserva"", ""Tiempo de espera"": ""Sin espera""}"
Ci9DQUlRQUNvZENodHljRjlvT21nemRqaDJPVzF6YjBOMGFDMDNTRm90VlROa1pHYxAB,Vittorio Ristorante,5,2026-04-25T23:55:48.714Z,"Muy buenas pastas y postres, precios razonables, ambiente y diseño del local, espacioso y cálido. Y tiene estacionamiento propio muy cómodo y seguro.",160,True,0,google_maps,"{""Tipo de comida"": ""Cena"", ""Precio por persona"": ""$20,000-30,000"", ""Nivel de ruido"": ""Silencioso, agradable para conversar"", ""Tamaño del grupo"": ""Entre 5 y 8 personas"", ""Espacios para estacionar"": ""Hay suficiente espacio"", ""Opciones de estacionamiento"": ""Estacionamiento gratuito, Estacionamiento gratuito""}"
Ci9DQUlRQUNvZENodHljRjlvT25wcmFtZDZRVTlXVERST1gzZEtNWFJ4YVcxUWRYYxAB,Vittorio Ristorante,5,2026-04-24T22:36:13.647Z,"Un lugar muy lindo e cómodo para poder ir y comer a gusto y con una atención excelente, muy recomendado✨",2,False,0,google_maps,"{""Tipo de comida"": ""Almuerzo"", ""Nivel de ruido"": ""Ruido moderado"", ""Tamaño del grupo"": ""Apto para grupos de todos los tamaños""}"
Ci9DQUlRQUNvZENodHljRjlvT25JMmJXa3lXWGxMU25kcVFWWmhSalo0TkdFM01tYxAB,Vittorio Ristorante,4,2026-04-21T16:03:23.263Z,,34,True,0,google_maps,{}
ChZDSUhNMG9nS0VJQ0FnSURLNV9qSEp3EAE,Vittorio Ristorante,5,2026-04-21T12:01:08.988Z,"Sin duda el mejor lugar de Córdoba , precio calidad atención son sus fortalezas",130,True,0,google_maps,"{""Tipo de comida"": ""Cena"", ""Precio por persona"": ""$20,000-30,000"", ""Nivel de ruido"": ""Silencioso, agradable para conversar"", ""Tamaño del grupo"": ""3 o 4 personas"", ""Espacios para estacionar"": ""Hay suficiente espacio"", ""Opciones de estacionamiento"": ""Estacionamiento gratuito, Estacionamiento gratuito en la calle, Estacionamiento gratuito""}"
Ci9DQUlRQUNvZENodHljRjlvT2xkZlpFWmZiMnhmU0ZWa00zcGhXVGh3ZVd4RWNFRRAB,Vittorio Ristorante,4,2026-04-19T12:35:30.531Z,Este restaurant que se encuentra en el Cerro de las Rosas se especializa en pasta. No obstante consumimos carne...de la mejor en Córdoba. Muy buena atención en un ambiente ameno y relajado,1156,True,0,google_maps,"{""Tipo de comida"": ""Almuerzo"", ""Precio por persona"": ""$20,000-30,000""}"
Ci9DQUlRQUNvZENodHljRjlvT25ORlpVOUxjRzVoYzBKRE5rMVpkSGRKY1hKSVkzYxAB,Vittorio Ristorante,5,2026-04-18T16:15:16.038Z,,12,False,0,google_maps,{}
Ci9DQUlRQUNvZENodHljRjlvT2tGb1NuSTBZMHBCYm1GdlExWm5XSGQwV0d4WVJHYxAB,Vittorio Ristorante,5,2026-04-17T00:15:34.694Z,Buenísimo,10,True,0,google_maps,{}
ChdDSUhNMG9nS0VJQ0FnSUNaOW9tSnpBRRAB,Vittorio Ristorante,5,2026-04-16T02:20:36.714Z,"Excelente carta, cordial atención, espacio muy amoroso.",117,True,0,google_maps,"{""Tipo de comida"": ""Almuerzo"", ""Precio por persona"": ""$30,000-40,000"", ""Tamaño del grupo"": ""2 personas, 3 o 4 personas, Apto para grupos de todos los tamaños""}"
ChZDSUhNMG9nS0VJQ0FnSUNndTZLYVpnEAE,Vittorio Ristorante,5,2026-04-15T02:04:14.730Z,,74,True,0,google_maps,{}
Ci9DQUlRQUNvZENodHljRjlvT2xKd2FUUnpiM1phZUVJNVZXUkJVWFl5YjBkWFExRRAB,Vittorio Ristorante,5,2026-04-11T03:17:27.777Z,,7,False,0,google_maps,{}
Ci9DQUlRQUNvZENodHljRjlvT20xSFUyb3phemRWTUVaRkxXNXFUMjFKYWsxbVlWRRAB,Vittorio Ristorante,4,2026-04-10T12:36:08.987Z,"Muyyyy lerdos. Se demoraron 50 min para un antipasto. Resto , muy bien.",23,True,0,google_maps,"{""Tipo de comida"": ""Almuerzo"", ""Precio por persona"": ""$30,000-40,000"", ""Reservas"": ""Varía según la hora o el día"", ""Tamaño del grupo"": ""3 o 4 personas"", ""Espacios para estacionar"": ""Es un poco difícil encontrar estacionamiento"", ""Opciones de estacionamiento"": ""Estacionamiento gratuito""}"
Ci9DQUlRQUNvZENodHljRjlvT2tGaFlUaDFVMGxCU0dwZk56ZGFNVlJ4TFRKYU4xRRAB,Vittorio Ristorante,4,2026-04-09T02:16:51.036Z,,14,True,0,google_maps,{}
Ci9DQUlRQUNvZENodHljRjlvT2pKS2RIbG9jVkJKUldkTk0xVnRhbUpyZFdoWU1uYxAB,Vittorio Ristorante,5,2026-04-08T20:04:36.517Z,Yo ya habia ido esta vez la tabla de mariscos que pedimos ni 5 puntos le doy No se que paso,165,True,0,google_maps,"{""Tipo de comida"": ""Cena""}"
ChdDSUhNMG9nS0VJQ0FnSUNzcDdYaHNnRRAB,Vittorio Ristorante,4,2026-04-08T14:52:02.742Z,,54,True,0,google_maps,"{""Tipo de comida"": ""Desayuno"", ""Precio por persona"": ""$10,000-20,000""}"
Ci9DQUlRQUNvZENodHljRjlvT25WcGVGcEpkbGR0YjJWcVpsQXlaVXRXWm5CWVdrRRAB,Vittorio Ristorante,3,2026-04-07T03:39:07.387Z,"Melhorem o atendimento, fomos atendidos por um rapaz de óculos que sou super grosseiro e impaciente…",68,True,0,google_maps,"{""Tipo de comida"": ""Almuerzo"", ""Precio por persona"": ""$40,000-50,000"", ""Nivel de ruido"": ""Silencioso, agradable para conversar"", ""Tamaño del grupo"": ""2 personas""}"
Ci9DQUlRQUNvZENodHljRjlvT2twcFVrSlFjR05XU1hkYU5ucFFhV2xQT0ZOQlVIYxAB,Vittorio Ristorante,5,2026-04-06T19:27:44.872Z,"Muy rico, siempre que quiero comer pastas voy a Vittorio!",18,True,0,google_maps,"{""Tipo de comida"": ""Almuerzo"", ""Precio por persona"": ""$20,000-30,000"", ""Tamaño del grupo"": ""Entre 5 y 8 personas""}"
Ci9DQUlRQUNvZENodHljRjlvT2xSaWVrY3hWa1pOVG5GcFFuVnFSamxIVEhSNk4zYxAB,Vittorio Ristorante,5,2026-04-02T11:57:59.406Z,"Lugar agradable y con buen servicio.
La comida super, los ñoquis con ragú de ternera estaban exquisitos. Recomiendo.",98,True,0,google_maps,"{""Tipo de comida"": ""Cena"", ""Precio por persona"": ""$20,000-30,000"", ""Reservas"": ""Varía según la hora o el día"", ""Nivel de ruido"": ""Silencioso, agradable para conversar""}"
Ci9DQUlRQUNvZENodHljRjlvT25jMlNXRlFVR3A0V2xwTmMzcDRjMHBUU3paeE1rRRAB,Vittorio Ristorante,5,2026-03-31T15:23:19.724Z,"Excelente comida, lugar y atencion",4,False,0,google_maps,{}
Ci9DQUlRQUNvZENodHljRjlvT2xaM1ZFUmxRVEUyUmkxUVQzSjVWMWhuU1dKdFkwRRAB,Vittorio Ristorante,5,2026-03-31T11:56:43.446Z,,42,True,0,google_maps,{}
Ci9DQUlRQUNvZENodHljRjlvT20xWFgwSTNhVFpyVWtKU01uQTNNMU5FVTJWVU1HYxAB,Vittorio Ristorante,4,2026-03-31T02:29:01.699Z,,18,True,0,google_maps,{}
Ci9DQUlRQUNvZENodHljRjlvT25KV00yWldiMnBvYkhGUVR6RnFWSG95VVRKcWRFRRAB,Vittorio Ristorante,5,2026-03-29T02:37:11.104Z,Excelente todo . Nos atendió Carlos nos explicó todo el menú y nos recomendó unos platos excelentes. Todo muy rico y muy linda atención,3,False,0,google_maps,{}
ChZDSUhNMG9nS0VJQ0FnSURZejgtVUNBEAE,Vittorio Ristorante,5,2026-03-28T18:54:27.273Z,Excelente atención de Iara,228,True,0,google_maps,{}
Ci9DQUlRQUNvZENodHljRjlvT2pKYU9HaExkbkZ4TVZGUFRGazRaM3BrTTB4MFZrRRAB,Vittorio Ristorante,5,2026-03-26T14:02:13.482Z,"Tremenda la lasagna, riquisimo. Muy buena atención",5,False,0,google_maps,"{""Tipo de comida"": ""Cena"", ""Precio por persona"": ""$20,000-30,000"", ""Nivel de ruido"": ""Silencioso, agradable para conversar"", ""Tamaño del grupo"": ""Apto para grupos de todos los tamaños"", ""Espacios para estacionar"": ""Hay suficiente espacio"", ""Opciones de estacionamiento"": ""Estacionamiento pagado""}"
ChZDSUhNMG9nS0VJQ0FnSURRemVQd0tnEAE,Vittorio Ristorante,4,2026-03-26T00:13:08.620Z,,814,True,0,google_maps,"{""Tipo de comida"": ""Cena"", ""Precio por persona"": ""$30,000-40,000"", ""Reservas"": ""Se recomienda hacer una reserva"", ""Tamaño del grupo"": ""3 o 4 personas""}"
Ci9DQUlRQUNvZENodHljRjlvT2xwd1lrUmxUMHhmY2xSV09VdFVTMFY1VnpGTmJGRRAB,Vittorio Ristorante,5,2026-03-24T13:47:24.660Z,Excelente,4,False,0,google_maps,{}
Ci9DQUlRQUNvZENodHljRjlvT25GelpFbGhTMnRyUkdKalIyTmFVRE5ZYUdSMlZtYxAB,Vittorio Ristorante,5,2026-03-23T02:27:42.994Z,Siempre lo pasamos bien. Precios accesibles. Carta q tiene de todo,650,False,0,google_maps,{}
Ci9DQUlRQUNvZENodHljRjlvT2tKeFZEQkNTbWxwVlRWUmNISnpWMTkxVWtaVFJWRRAB,Vittorio Ristorante,5,2026-03-21T18:08:02.722Z,"Comimos 6 personas, todos comimos muy rico. La atencion de Matias fue excelente. Volveremos",3,False,0,google_maps,{}
Ci9DQUlRQUNvZENodHljRjlvT2poTVlteHliREoyVUVaUU1VSllkbTFYTWtodloyYxAB,Vittorio Ristorante,5,2026-03-21T00:22:08.100Z,,2,False,0,google_maps,"{""Tipo de comida"": ""Cena""}"
Ci9DQUlRQUNvZENodHljRjlvT2tGbWNFNW9VRkV3TURKT2QxUmZTalZCVG5aTlJsRRAB,Vittorio Ristorante,5,2026-03-20T14:13:24.381Z,,3,True,0,google_maps,"{""Tipo de comida"": ""Brunch"", ""Precio por persona"": ""$1-10,000""}"
Ci9DQUlRQUNvZENodHljRjlvT2xKb1UyaHpkRUUyVUdWRFRHZHpRVVF5Tms1UlVVRRAB,Vittorio Ristorante,5,2026-03-17T14:02:14.314Z,Muy rico todo!!! Lindo comer en la galería,10,True,0,google_maps,"{""Tipo de comida"": ""Almuerzo""}"
Ci9DQUlRQUNvZENodHljRjlvT25JemVIZDBWVU5CY2poT1UzSm5WVzlNTFVrMWNVRRAB,Vittorio Ristorante,5,2026-03-17T08:30:19.335Z,,4,False,0,google_maps,"{""Tipo de comida"": ""Desayuno"", ""Precio por persona"": ""$1-10,000"", ""Nivel de ruido"": ""Ruido moderado"", ""Tamaño del grupo"": ""No lo sé"", ""Espacios para estacionar"": ""Es un poco difícil encontrar estacionamiento""}"
Ci9DQUlRQUNvZENodHljRjlvT2pGZmJVeE9jbHAwT1VadlJtbHhXRGxEZVdGa2IyYxAB,Vittorio Ristorante,5,2026-03-16T18:04:30.811Z,"Excelente lugar, ambiente agradable, comida riquísima, excelente servicio, y atención nos atendio el mozo Matias.
Pasen por acá, es una delicia.",1,False,0,google_maps,{}
Ci9DQUlRQUNvZENodHljRjlvT2xReFUyeFVNMU5YVDNaaWJsVjZNRWw1YjA1eFNHYxAB,Vittorio Ristorante,5,2026-03-16T17:59:46.134Z,,242,True,0,google_maps,{}
Ci9DQUlRQUNvZENodHljRjlvT204d2JqbFhhblZTVFVaMk0ydGFNMjk2YzBFdGJrRRAB,Vittorio Ristorante,3,2026-03-15T18:31:05.277Z,,48,True,0,google_maps,{}
Ci9DQUlRQUNvZENodHljRjlvT2s1SVlsaHBZVEk0TTFOcVltRmlhM3BUUkhFeWIyYxAB,Vittorio Ristorante,5,2026-03-11T03:18:14.345Z,"excelente atención, exquisitos los tagliatelle con mariscos! el crepe de dulce de leche y el tiramisú muy buenos!! la atención de Mauro muy buena! recomendable",18,True,0,google_maps,"{""Tipo de comida"": ""Cena"", ""Precio por persona"": ""$40,000-50,000"", ""Reservas"": ""Varía según la hora o el día"", ""Tamaño del grupo"": ""Apto para grupos de todos los tamaños"", ""Espacios para estacionar"": ""Hay suficiente espacio"", ""Opciones de estacionamiento"": ""Estacionamiento gratuito""}"
Ci9DQUlRQUNvZENodHljRjlvT2paeVJFaE1ZMGMxVEZNNWFIbzBaVXhuYVhRM2JWRRAB,Vittorio Ristorante,5,2026-03-09T01:49:41.193Z,Muy rica la comida y rápida atención,18,True,0,google_maps,{}
ChdDSUhNMG9nS0VJQ0FnSUN5bmFPTW9RRRAB,Vittorio Ristorante,5,2026-03-08T18:46:35.581Z,"Llegamos en tiempo a nuestra reserva. Pedimos entrada y platos principales. Luego de una hora 45 no habia llegado la entrada aun. Ni novedades luego de tres veces de teclamar. Es lamentable salir un domingo y pasarla mal. Con dos niños y una persona mayor. Una vergüenza.
Mismo comentario ya esta en google. No lo recomendamos.",13,True,0,google_maps,{}
Ci9DQUlRQUNvZENodHljRjlvT2pGNVJWcHNZakF6VVRWaE1ubzVVMHhCY3pkd1ZWRRAB,Vittorio Ristorante,5,2026-03-08T18:18:22.079Z,"Muy buena comida y atención. Recomiendo mucho las pastas, yo me pedí los fettuccini a la piamontesa y estaban espectaculares. Un sabor ahumado por la panceta y la pasta increible. Andrés quién nos atendió, muy amable y divertido",14,True,0,google_maps,"{""Tipo de comida"": ""Almuerzo"", ""Precio por persona"": ""$20,000-30,000"", ""Nivel de ruido"": ""Ruidoso, pero se puede hablar"", ""Tipo de asiento"": ""Comedor cubierto, Patio o terraza al aire libre"", ""Espacios para estacionar"": ""Es un poco difícil encontrar estacionamiento"", ""Opciones de estacionamiento"": ""Estacionamiento pagado, Estacionamiento gratuito en la calle, Estacionamiento pagado en la calle""}"
Ci9DQUlRQUNvZENodHljRjlvT20xa05WZFRNbVV4ZFc1b1ZHdFhSRGhTUjJweE4zYxAB,Vittorio Ristorante,3,2026-03-02T23:39:35.158Z,,22,True,0,google_maps,"{""Tipo de comida"": ""Cena"", ""Precio por persona"": ""$50,000-60,000""}"
Ci9DQUlRQUNvZENodHljRjlvT2t0dFJIaG1OVkJTZFZGUGFWSmxjSGR0U1ZNNWNrRRAB,Vittorio Ristorante,5,2026-03-02T00:01:46.143Z,"Muy buen desayuno y atención, el ambiente es muy agradable, el espacio al aire libre es muy lindo",215,True,0,google_maps,"{""Precio por persona"": ""$30,000-40,000""}"
ChZDSUhNMG9nS0VJQ0FnSUNaMk42ZFZ3EAE,Vittorio Ristorante,5,2026-03-01T15:02:13.277Z,Fui desde el primer día....y lo sigo eligiendo,130,True,0,google_maps,"{""Tipo de pedido"": ""Consumo en el lugar"", ""Tipo de comida"": ""Desayuno"", ""Precio por persona"": ""$4,000-6,000""}"
Ci9DQUlRQUNvZENodHljRjlvT25WUFNIbHhNV3h0ZVdveVJHVXdjbk5wTldOSGRWRRAB,Vittorio Ristorante,5,2026-02-25T14:09:56.323Z,Los ravioles de Osobuco buenisimos!,13,False,0,google_maps,{}
Ci9DQUlRQUNvZENodHljRjlvT25rMVNGTk9RazVUVWxOMFgyMVFaMTlVU1RKa1NGRRAB,Vittorio Ristorante,4,2026-02-25T01:28:33.204Z,"La comida muy bien. Solo que entre los panes ofrecidos mientras se espera la comida, había unos muy duros. Es mejor no ponerlos en la panera",122,True,0,google_maps,"{""Tipo de comida"": ""Almuerzo"", ""Precio por persona"": ""$20,000-30,000"", ""Reservas"": ""Se recomienda hacer una reserva"", ""Nivel de ruido"": ""Silencioso, agradable para conversar"", ""Platos vegetarianos"": ""Hay oferta variada"", ""Restricciones de dieta"": ""No lo sé"", ""Espacios para estacionar"": ""Hay suficiente espacio"", ""Opciones de estacionamiento"": ""Estacionamiento gratuito, Estacionamiento gratuito en la calle"", ""Adecuado para niños"": ""Sí"", ""Accesibilidad en silla de ruedas"": ""Sí""}"
Ci9DQUlRQUNvZENodHljRjlvT21RdFdVMTRjbFJUVVZCbFpWZERYMkoyZFVaSVYzYxAB,Vittorio Ristorante,5,2026-02-24T12:43:55.739Z,"Como siempre, Vittorio es excelente.",13,False,0,google_maps,{}
ChZDSUhNMG9nS0VJQ0FnSURnZ3Zxd2NREAE,Vittorio Ristorante,4,2026-02-22T22:20:32.518Z,,172,True,0,google_maps,{}
Ci9DQUlRQUNvZENodHljRjlvT25vNFlXdENNWEYxZDJKUFdqQkdYMFpOWlY4MVltYxAB,Vittorio Ristorante,2,2026-02-22T17:42:22.657Z,Comida excelente. Un solo mozo para toda una galeria. Hace perder la experiencia. Nos fuimos sin postre porque no nos atendian,12,True,0,google_maps,"{""Tipo de comida"": ""Almuerzo"", ""Precio por persona"": ""$30,000-40,000"", ""Nivel de ruido"": ""Ruido moderado""}"
Ci9DQUlRQUNvZENodHljRjlvT25wUExUUmFWMjAxZFRKTU1sTkVkRTFNY0ZWMU9XYxAB,Vittorio Ristorante,5,2026-02-22T03:03:00.316Z,excelente  el mozo,5,False,0,google_maps,"{""Tipo de comida"": ""Cena""}"
Ci9DQUlRQUNvZENodHljRjlvT2xGVlEybFdVV3AyWkRBd05XdG9NazlVUXpsVVNXYxAB,Vittorio Ristorante,5,2026-02-22T03:01:24.030Z,,0,False,0,google_maps,{}
ChZDSUhNMG9nS0VJQ0FnSUNROVl2SUh3EAE,Vittorio Ristorante,5,2026-02-22T03:00:42.728Z,"Excelente todo !!! Muy rica la comida.
Andrés, uno de los mozos, un crack muy amable y gentil.
Los felicito.",219,True,1,google_maps,"{""Precio por persona"": ""$50,000-60,000"", ""Nivel de ruido"": ""Silencioso, agradable para conversar"", ""Tamaño del grupo"": ""3 o 4 personas, Más de 9 personas""}"
Ci9DQUlRQUNvZENodHljRjlvT2xWMk1IbHpUbkZmYlZveGRUUkpjbTFKZEVsQlMyYxAB,Vittorio Ristorante,5,2026-02-21T12:14:01.425Z,Muy buen lugar. La carta es muy variada. El servicio es excelente.,12,False,0,google_maps,{}
